catcode,title,artist,dx_lev_bas,dx_lev_adv,dx_lev_exp,dx_lev_mas,dx_lev_remas,lev_bas,lev_adv,lev_exp,lev_mas,lev_remas,jacket
maimai,シアトリカル・ケース,ユリイ・カノン feat.ウォルピスカーター&まひる,4,7+,10+,12+,,,,,,,https://maimai.sega.jp/storage/DX_jacket/1724715c0f91c243aa9cd5ebae0dd439.jpg
maimai,System “Z”,Jimmy Weckl,,,,,,5,8,12,14,13+,https://maimai.sega.jp/storage/DX_jacket/38ade0669ffc07d3312c068d4c86d383.jpg
maimai,D✪N’T  ST✪P  R✪CKIN’,EB(aka EarBreaker),,,,,,5,7,10+,13+,13,https://maimai.sega.jp/storage/DX_jacket/b546b3a33e6bd7651a5001d464ce99ef.jpg
maimai,Dragoon,Shandy kubota,,,,,,5,7+,9+,13,14,https://maimai.sega.jp/storage/DX_jacket/5b233d78e1ea732482099d92ec71425e.jpg
maimai,planet dancer,樽木栄一郎,,,,,,5,7,10,12+,13,https://maimai.sega.jp/storage/DX_jacket/4e906634ed90f2a1f704d75d0594fa0a.jpg
maimai,FEEL the BEATS,A-One,,,,,,5,7+,10,13,13+,https://maimai.sega.jp/storage/DX_jacket/5b260aeec2e88987085a5f5d41db3585.jpg
maimai,アージェントシンメトリー,Sta feat.b,,,,,,4,6,9+,12+,13+,https://maimai.sega.jp/storage/DX_jacket/8424c970734ff10787040fafd44d01fd.jpg
maimai,Night Fly,発熱巫女～ず,,,,,,4,7,10+,12+,12+,https://maimai.sega.jp/storage/DX_jacket/ecd7f30a210303ff9bf7b2ff20a01f4b.jpg
maimai,泣き虫O'clock,Hiro/友香,,,,,,4,7,9+,12+,12,https://maimai.sega.jp/storage/DX_jacket/a7e3604675029ecd083ea42b0c4776a8.jpg
ゲームバラエティ,Sky High [Reborn],大久保 博(BNGI)「デイトナ USA」,,,,,,5,7,9+,12,12,https://maimai.sega.jp/storage/DX_jacket/bb38338def9ed52940c6820137164c65.jpg
maimai,Backyun! －悪い女－,青木千紘/愛海,,,,,,4,6,10+,12,12+,https://maimai.sega.jp/storage/DX_jacket/2da592c26429a889963b2b5ed8eb8d92.jpg
maimai,Death Scythe,SHIKI,,,,,,5,7+,11,13,14,https://maimai.sega.jp/storage/DX_jacket/80db1ac29ce67e92739f7f843dede7af.jpg
ゲームバラエティ,JACKY [Remix],「バーチャファイター」,,,,,,4,6,10,13,13+,https://maimai.sega.jp/storage/DX_jacket/a334b440655a8eeddd67ad86596120c3.jpg
maimai,We Gonna Party,Cranky,,,,,,6,7+,11+,13,13+,https://maimai.sega.jp/storage/DX_jacket/d854f939c4e99dcac2baae3ffe4f4c7c.jpg
maimai,air's gravity,zts,,,,,,5,7+,10,13,13,https://maimai.sega.jp/storage/DX_jacket/6bc4f49566bb7850f2d499526fd1d262.jpg
ゲームバラエティ,DADDY MULK -Groove remix-,Performed by SEGA Sound Unit [H.],,,,,,4,6,11,13,13,https://maimai.sega.jp/storage/DX_jacket/c58d73254f6967ba4be85c5b30c62c40.jpg
maimai,Beat of getting entangled,Shoichiro Hirata,,,,,,5,8,11+,13+,14,https://maimai.sega.jp/storage/DX_jacket/927b3279826af4a4d85ab792eba37e07.jpg
maimai,LUCIA,SHIKI,,,,,,4,6,11,12,13,https://maimai.sega.jp/storage/DX_jacket/7591f83325c5db8a3eca0e77024b7e8d.jpg
POPSアニメ,前前前世,RADWIMPS,,,,,,4,6,9,12+,,https://maimai.sega.jp/storage/DX_jacket/4d84fffc6dbb01f219b646e3054b01f9.jpg
東方Project,全力ハッピーライフ,森羅万象,5,7,10,12+,,,,,,,https://maimai.sega.jp/storage/DX_jacket/65ce3b774c40d42be314dcbda0118d27.jpg
東方Project,Oath Act,暁Records,3,6,9+,12,,,,,,,https://maimai.sega.jp/storage/DX_jacket/4c7fa6c39d5a895f0738905c908c9437.jpg
東方Project,Witches night,Liz Triangle,4,6,9,12,,,,,,,https://maimai.sega.jp/storage/DX_jacket/9dde6101955ef35647fce7f99d7a8771.jpg
東方Project,Drive Your Fire,A-One,4,6,9+,12+,,,,,,,https://maimai.sega.jp/storage/DX_jacket/5802b3faac7e4500c125d0c9b3795c43.jpg
東方Project,wheel,Syrufit + HDLV,4,6,9,12+,,,,,,,https://maimai.sega.jp/storage/DX_jacket/da93395d919a4b51f53ac5bc19558ae1.jpg
POPSアニメ,コネクト,ClariS「魔法少女まどか☆マギカ」,3,6,8+,11,12+,5,7,8,11+,,https://maimai.sega.jp/storage/DX_jacket/06a1ddb6d9cda114cb0a68a99d9b8da4.jpg
POPSアニメ,君の知らない物語,supercell「化物語」,3,6,8,12,,3,6,8,11,,https://maimai.sega.jp/storage/DX_jacket/bc29a79331fc59d1702458f3e979dd99.jpg
POPSアニメ,Paradisus-Paradoxum,MYTH & ROID「Re：ゼロから始める異世界生活」,4,7,9+,12+,,4,7,9+,12+,,https://maimai.sega.jp/storage/DX_jacket/7200262a7e968dbef790ae2347d17912.jpg
niconicoボーカロイド,すーぱーぬこになれんかった,まふまふ,4,7,10,13,,,,,,,https://maimai.sega.jp/storage/DX_jacket/048a84be1a35b091bced2222460ad16a.jpg
niconicoボーカロイド,アスヘノBRAVE,M.S.S Project,3,6,9+,12,,,,,,,https://maimai.sega.jp/storage/DX_jacket/830891b3b3195574289d3441c22b2de6.jpg
niconicoボーカロイド,深海シティアンダーグラウンド,田中Ｂ,4,6,10,12+,,,,,,,https://maimai.sega.jp/storage/DX_jacket/f0f380fdd1092f1e56bac93197a1e5ff.jpg
niconicoボーカロイド,表裏一体,すりぃ,4,6,9+,12+,,,,,,,https://maimai.sega.jp/storage/DX_jacket/314c171ff95cefc66ea6c554b13aa7f7.jpg
maimai,Stardust Memories,Maozon,3,7+,10+,12+,,,,,,,https://maimai.sega.jp/storage/DX_jacket/aab15c11a25d17c6d69df113551cd95d.jpg
maimai,My My My,C-Show,5,7+,11,13,,,,,,,https://maimai.sega.jp/storage/DX_jacket/76728065712bafac13a62fe24ecca99a.jpg
maimai,共鳴,SADA 2Futureanthem feat. ellie,3,7,10,13,,,,,,,https://maimai.sega.jp/storage/DX_jacket/5c01eaad5af321182178da7118231080.jpg
maimai,Ututu,中山真斗,4,7,10,12+,,,,,,,https://maimai.sega.jp/storage/DX_jacket/cfdb01b67ec5f64c76c08d72f7c66512.jpg
maimai,ワードワードワード,syudou,4,6,9+,13,,,,,,,https://maimai.sega.jp/storage/DX_jacket/c8d192d33e8b499b5f704c292eae1373.jpg
niconicoボーカロイド,Catch the Wave,livetune,3,6,9+,12,,,,,,,https://maimai.sega.jp/storage/DX_jacket/fa2b94e5027fe9daa0886697a4a24a95.jpg
ゲームバラエティ,Lunar Mare,xi vs sakuzyo,6,8,11,13+,,,,,,,https://maimai.sega.jp/storage/DX_jacket/f8165bd5570372d0fd0ee742cfc4e4a0.jpg
ゲームバラエティ,Saika,Rabpit,4,7+,10,12+,,,,,,,https://maimai.sega.jp/storage/DX_jacket/9b916105c2d14c1a0bee0de2b8536e08.jpg
ゲームバラエティ,CHAOS,Æsir,6,7+,11+,13+,,,,,,,https://maimai.sega.jp/storage/DX_jacket/03833b26bb762d002fcfcc63f23d94db.jpg
ゲームバラエティ,Maboroshi,かめりあ(EDP),5,7+,11,14,,,,,,,https://maimai.sega.jp/storage/DX_jacket/cdfa60cacdc00404907f7cb41295a93e.jpg
maimai,STEEL TRANSONIC,BlackY vs. WAiKURO,6,8+,11+,14,,,,,,,https://maimai.sega.jp/storage/DX_jacket/27ce9d8618d139b6cfc6725cc24626de.jpg
maimai,Flashkick,Yooh,5,7+,11,13,,,,,,,https://maimai.sega.jp/storage/DX_jacket/0ae6e9cdafbae63a1e84166531aebd71.jpg
maimai,ブレインジャックシンドローム,かいりきベア feat.利香,4,7+,10+,13,,,,,,,https://maimai.sega.jp/storage/DX_jacket/08b00b91e84831b316e88951772db3a0.jpg
maimai,シエルブルーマルシェ,OSTER project feat. かなたん,3,7,10,12+,,,,,,,https://maimai.sega.jp/storage/DX_jacket/71f4e5f01299d1333cce17284ec1afb2.jpg
niconicoボーカロイド,クレイジー・ビート,さつき が てんこもり,4,6,9+,12+,,,,,,,https://maimai.sega.jp/storage/DX_jacket/96ff511922e8fe405cd25a4e3ecf43af.jpg
niconicoボーカロイド,バイオレンストリガー,八王子P,5,7+,10,13,,,,,,,https://maimai.sega.jp/storage/DX_jacket/746541d78827dedadb1e3a2cad8f1110.jpg
niconicoボーカロイド,グラーヴェ,niki,4,7,9+,12+,,,,,,,https://maimai.sega.jp/storage/DX_jacket/17af8c8db7bdd877e9f3ce80959df680.jpg
niconicoボーカロイド,KILLER B,梅とら,4,6,10,12+,,,,,,,https://maimai.sega.jp/storage/DX_jacket/31a4ffbca0b61e2e7def7d2163c6df1b.jpg
maimai,Valsqotch,owl＊tree feat.chi＊tree,6,8+,13,14+,,,,,,,https://maimai.sega.jp/storage/DX_jacket/479f369a52347ece015263a27a233a5e.jpg
東方Project,Bad Apple!! feat.nomico (REDALiCE Remix),Masayoshi Minoshima × REDALiCE,4,7,10,12,,,,,,,https://maimai.sega.jp/storage/DX_jacket/eea62c35de049bac6a20ec64e40fed0c.jpg
maimai,UniTas,"Masahiro ""Godspeed"" Aoki VS Kai",5,8,11+,14,,,,,,,https://maimai.sega.jp/storage/DX_jacket/751315558ce20837938a73b35b8d493f.jpg
maimai,ここからはじまるプロローグ。,ああああ,4,7+,10+,13,,,,,,,https://maimai.sega.jp/storage/DX_jacket/9225e01ec838696191390bb8666d9a9d.jpg
maimai,絡めトリック利己ライザー,じーざす（ワンダフル☆オポチュニティ！）feat.Kradness,5,7+,10+,12,,,,,,,https://maimai.sega.jp/storage/DX_jacket/794a48bd5532d9eae46f1b1d49be273f.jpg
maimai,モ°ルモ°ル,sasakure.UK,6,8,12,13+,,,,,,,https://maimai.sega.jp/storage/DX_jacket/04539d9b5c3175a0526b96ea2fde96cf.jpg
maimai,ヤミツキ,MARETU,4,7,10,12,,,,,,,https://maimai.sega.jp/storage/DX_jacket/a74418e655df8c149e3c399501c50b65.jpg
POPSアニメ,ハム太郎とっとこうた,ハムちゃんず [covered by 光吉猛修],1,5,8,11+,12+,,,,,,https://maimai.sega.jp/storage/DX_jacket/45cffa36e5c0ce7e3c005610c5d8e38f.jpg
POPSアニメ,青空のラプソディ,fhána,3,6,9+,12,,,,,,,https://maimai.sega.jp/storage/DX_jacket/f07b8d92e16ad0b69a647376ad246f90.jpg
POPSアニメ,だから僕は音楽を辞めた,ヨルシカ,3,6,8+,12,,,,,,,https://maimai.sega.jp/storage/DX_jacket/33aecbbfeef5d790d207761824d734be.jpg
POPSアニメ,ラブ・ドラマティック feat. 伊原六花,鈴木雅之,2,6,9,11+,,,,,,,https://maimai.sega.jp/storage/DX_jacket/0f53a57b982202c7c426bb4f5e515540.jpg
POPSアニメ,異世界かるてっと,アインズ(日野聡)、カズマ(福島潤)、スバル(小林裕介)、ターニャ(悠木碧),3,6,9+,12,,,,,,,https://maimai.sega.jp/storage/DX_jacket/82834f0a123208add12054f748be0a0a.jpg
niconicoボーカロイド,ビターチョコデコレーション,syudou,4,7,9+,12+,,,,,,,https://maimai.sega.jp/storage/DX_jacket/a89f3beb73293248341e9974eb80b2f3.jpg
niconicoボーカロイド,アンドロイドガール,DECO*27,4,7+,10,12+,,,,,,,https://maimai.sega.jp/storage/DX_jacket/b2dae682c2d2f40f0e951249438c3698.jpg
niconicoボーカロイド,スターリースカイ☆パレード,キノシタ feat. 音街ウナ・鏡音リン,4,7,10,12,,,,,,,https://maimai.sega.jp/storage/DX_jacket/08629c685312e591198eade6354c5236.jpg
niconicoボーカロイド,スロウダウナー,ろくろ,4,7,9+,12,,,,,,,https://maimai.sega.jp/storage/DX_jacket/7dfc4d6017b775c5a10cfae3d0d078b8.jpg
東方Project,ソリッド,豚乙女,4,7+,10+,13,,,,,,,https://maimai.sega.jp/storage/DX_jacket/09dfd01ec5bf82217669bca441a7561a.jpg
ゲームバラエティ,Black Lair,削除 feat. void (Mournfinale),5,8,11,13+,,,,,,,https://maimai.sega.jp/storage/DX_jacket/6820b06363b4f3c39c12a5693b7cf8be.jpg
POPSアニメ,馬と鹿,米津玄師,1,5,8,12,,,,,,,https://maimai.sega.jp/storage/DX_jacket/d1f17105411c8ff7029a93abb587e15c.jpg
maimai,True Love Song,Kai/クラシック「G線上のアリア」,,,,,,4,6,9,11+,,https://maimai.sega.jp/storage/DX_jacket/080e99de63234d487c445d72e185b904.jpg
maimai,Color My World,GOSH/クラシック「悲愴」,,,,,,4,6,8+,11+,,https://maimai.sega.jp/storage/DX_jacket/d1edcc3926bb16d77b4305f564bd320c.jpg
POPSアニメ,Future,★STAR GUiTAR [cover],,,,,,6,6,8,10,12,https://maimai.sega.jp/storage/DX_jacket/7d606dbd39714692d999b820826952ab.jpg
POPSアニメ,Love You,Q;indivi [cover],,,,,,5,6,8,11,,https://maimai.sega.jp/storage/DX_jacket/8945e7a9d8c39dbb233e7614426a6e7f.jpg
ゲームバラエティ,In Chaos,Hiro「Crackin’DJ」,,,,,,5,6,8+,11+,14+,https://maimai.sega.jp/storage/DX_jacket/d73caa6a9f484f280752aaac53160ac4.jpg
ゲームバラエティ,Crush On You,福山光晴「Crackin’DJ」,,,,,,4,6,8,10+,13+,https://maimai.sega.jp/storage/DX_jacket/a8f9577bad2f1720734de4251f3327a5.jpg
ゲームバラエティ,Sun Dance,Hiro「Crackin’DJ」,,,,,,4,6,7+,10+,13+,https://maimai.sega.jp/storage/DX_jacket/aa056a80383754ad41f809c75525bb6e.jpg
maimai,Sweets×Sweets,Team-D,,,,,,5,6,8,10+,,https://maimai.sega.jp/storage/DX_jacket/203c7dddf1891ea059da39673d88123f.jpg
POPSアニメ,Love or Lies,capsule [cover],,,,,,4,6,8,11,,https://maimai.sega.jp/storage/DX_jacket/01af512d6fbdbad55333689667f4598a.jpg
maimai,ネコ日和。,Kai/能登有沙,,,,,,5,7,7+,11,,https://maimai.sega.jp/storage/DX_jacket/5ef32672b2dcef41319ec4c54da1a075.jpg
maimai,虹と太陽,GOSH/manami,,,,,,5,7,9+,12,,https://maimai.sega.jp/storage/DX_jacket/891192df2f030dded9972b14a01a97a2.jpg
maimai,炭★坑★節,Kai/光吉猛修,,,,,,4,6,9+,13,,https://maimai.sega.jp/storage/DX_jacket/1a51e030949902a0f321a5d59bf95752.jpg
POPSアニメ,NIGHT OF FIRE,NIKO [cover],,,,,,6,7,9,11,,https://maimai.sega.jp/storage/DX_jacket/28bdebd3e72f19399ad1fcac8ae40590.jpg
POPSアニメ,come again,m-flo [cover],,,,,,5,6,9,11+,,https://maimai.sega.jp/storage/DX_jacket/c4699b3111340e3a57ae64321a4ea1c7.jpg
POPSアニメ,jelly,capsule [cover],,,,,,4,7,8,11+,,https://maimai.sega.jp/storage/DX_jacket/2ecbd0142a061aea88809e2a8a8ae50f.jpg
niconicoボーカロイド,ハッピーシンセサイザ,EasyPop,,,,,,4,6,8,11+,,https://maimai.sega.jp/storage/DX_jacket/36c860976449d1a29bcc13570aad7dc2.jpg
niconicoボーカロイド,ルカルカ★ナイトフィーバー,samfree,,,,,,4,6,8,11,,https://maimai.sega.jp/storage/DX_jacket/1327526d10ac26363d95e9dab6a0f9f4.jpg
ゲームバラエティ,源平大戦絵巻テーマソング,新小田夢童 ＆ キラ★ロッソ,,,,,,5,7+,9+,12,,https://maimai.sega.jp/storage/DX_jacket/885c918a54af14727bc05a41a367a6eb.jpg
POPSアニメ,美しく燃える森,東京スカパラダイスオーケストラ [cover],,,,,,4,6,8,10,,https://maimai.sega.jp/storage/DX_jacket/65e0027ae85f0f48d90f1d089a1c2a37.jpg
POPSアニメ,ウッーウッーウマウマ(ﾟ∀ﾟ),Caramell/Caramelldansen [cover],,,,,,5,7,8+,12+,,https://maimai.sega.jp/storage/DX_jacket/baaaf80f4aa3126b87fa251ba458d3df.jpg
maimai,Endless World,RYOHEI KOHNO/保立美和子,,,,,,4,6,10,12,12+,https://maimai.sega.jp/storage/DX_jacket/1bdef573f0ae99fc9b3e0c80de3f866b.jpg
ゲームバラエティ,Beat Of Mind,Hiro「Crackin’DJ」,,,,,,6,8,10+,11,14,https://maimai.sega.jp/storage/DX_jacket/06da10a6ec94dcf4432705ce80ba6f1d.jpg
ゲームバラエティ,檄！帝国華撃団(改),「サクラ大戦」,,,,,,4,6,8,10,12+,https://maimai.sega.jp/storage/DX_jacket/58eafdc607cd9700a7972882eaca3244.jpg
niconicoボーカロイド,メランコリック,Junky,,,,,,6,6,8,11,,https://maimai.sega.jp/storage/DX_jacket/8d3ffd4df29364aa720367c159c20b01.jpg
niconicoボーカロイド,教えて!! 魔法のLyric,ちょむP <advanced mix>,,,,,,6,7,8+,11+,,https://maimai.sega.jp/storage/DX_jacket/21eaeb596bb265f72f66c08e144a75fb.jpg
niconicoボーカロイド,ZIGG-ZAGG,Junky,,,,,,6,6,8,10+,11+,https://maimai.sega.jp/storage/DX_jacket/582f749884a85ac3f65aeccd694b5326.jpg
niconicoボーカロイド,ワールズエンド・ダンスホール,wowaka,,,,,,5,7,8+,12,13,https://maimai.sega.jp/storage/DX_jacket/1ad4e50239281ea185cb650d05dc014e.jpg
niconicoボーカロイド,パンダヒーロー,ハチ,,,,,,5,6,8+,11+,,https://maimai.sega.jp/storage/DX_jacket/833aae2268f62f4fa7ea405b33019d7e.jpg
maimai,オレンジの夏,Hiro/タクマロ,,,,,,5,6,9,11+,,https://maimai.sega.jp/storage/DX_jacket/4abc8026b40da54e048934d25c0113e6.jpg
maimai,BaBan!! －甘い罠－,Hiro/永江理奈,,,,,,5,7+,11,12,,https://maimai.sega.jp/storage/DX_jacket/5867bb8fbc7fb9cdef80824939ea8107.jpg
maimai,ジングルベル,SEGA Sound Unit [H.],,,,,,5,7,9+,14,14,https://maimai.sega.jp/storage/DX_jacket/270dea8ac688e33195bd90c49ccec565.jpg
niconicoボーカロイド,マトリョシカ,ハチ,,,,,,5,7+,8+,11,12+,https://maimai.sega.jp/storage/DX_jacket/9c7d2cfc987c4097270f44150755d652.jpg
niconicoボーカロイド,メグメグ☆ファイアーエンドレスナイト,samfree,,,,,,5,6,7+,11,,https://maimai.sega.jp/storage/DX_jacket/2477f92ed4b002968bc6c157bad63379.jpg
ゲームバラエティ,天国と地獄,スーパーラバーズ「赤ちゃんはどこからくるの？」,,,,,,5,7,9,12+,,https://maimai.sega.jp/storage/DX_jacket/faddc0433371fcc892ca5c93a1430ef7.jpg
ゲームバラエティ,きみのためなら死ねる,スーパーラバーズ「きみのためなら死ねる」,,,,,,4,6,9,12,,https://maimai.sega.jp/storage/DX_jacket/1cabed32e1a11bfb98c72426a041af4b.jpg
ゲームバラエティ,怪盗Rのテーマ,大谷智哉「リズム怪盗R 皇帝ナポレオンの遺産」,,,,,,5,7,9,12,,https://maimai.sega.jp/storage/DX_jacket/0000b23e3a6bff99da5b7d8c7b56f737.jpg
ゲームバラエティ,マリアをはげませ,大谷智哉「リズム怪盗R 皇帝ナポレオンの遺産」,,,,,,4,6,7+,11,,https://maimai.sega.jp/storage/DX_jacket/23126ae705b06850a6064b708c207510.jpg
ゲームバラエティ,SHOW TIME,幡谷尚史「リズム怪盗R 皇帝ナポレオンの遺産」,,,,,,4,5,7+,12,,https://maimai.sega.jp/storage/DX_jacket/edde68a5044f3c72b1a4ef593f208088.jpg
ゲームバラエティ,City Escape: Act1,Cash Cash「ソニック ジェネレーションズ」,,,,,,4,5,8+,12,12,https://maimai.sega.jp/storage/DX_jacket/3e9f92228804025478f08ea46d91284f.jpg
ゲームバラエティ,Rooftop Run: Act1,大谷智哉「ソニック ジェネレーションズ」,,,,,,4,6,10+,11+,12+,https://maimai.sega.jp/storage/DX_jacket/b7f2898cc3625c6b0954c0b708b6aa34.jpg
ゲームバラエティ,Reach For The Stars,"大谷智哉, Jean Paul Makhlouf of Cash Cash「ソニック カラーズ」",,,,,,5,7+,9+,13,,https://maimai.sega.jp/storage/DX_jacket/dd281288cc9e77cac09a3eea36d65cbf.jpg
ゲームバラエティ,Urban Crusher [Remix],「BORDER BREAK」,,,,,,6,8,12,12+,,https://maimai.sega.jp/storage/DX_jacket/8503e4fbac468b13efcdf81df066922b.jpg
ゲームバラエティ,Catch The Future,「BORDER BREAK UNION」メインテーマ,,,,,,5,7+,9+,12,,https://maimai.sega.jp/storage/DX_jacket/aad8cb612917c11f95f37856aa8ea763.jpg
niconicoボーカロイド,Tell Your World,livetune,,,,,,4,6,9,11+,12+,https://maimai.sega.jp/storage/DX_jacket/7e6397c3ac0bdc4bee6af4200b69edf6.jpg
niconicoボーカロイド,おちゃめ機能,ゴジマジP,,,,,,4,7,8,12+,,https://maimai.sega.jp/storage/DX_jacket/cd14c70718adf3b6d4b52a35234c94d7.jpg
niconicoボーカロイド,ダンシング☆サムライ,mathru(かにみそP),,,,,,4,7,10,12,,https://maimai.sega.jp/storage/DX_jacket/92b29bde27400c7b333c57753e932e9a.jpg
niconicoボーカロイド,BAD∞END∞NIGHT,ひとしずくP・やま△,,,,,,4,7+,9+,12+,,https://maimai.sega.jp/storage/DX_jacket/320b72b777a53e9d7e066c402ff0187f.jpg
niconicoボーカロイド,ロミオとシンデレラ,doriko,,,,,,5,7+,10,11+,13,https://maimai.sega.jp/storage/DX_jacket/fd2a3259fd0f200fddb0cece3c2cf919.jpg
niconicoボーカロイド,Sweetiex2,Dixie Flatline,,,,,,4,6,7,11+,,https://maimai.sega.jp/storage/DX_jacket/1bdb9737749409d8320680bac28d91fa.jpg
niconicoボーカロイド,腐れ外道とチョコレゐト,ピノキオP,,,,,,6,8,11+,13,,https://maimai.sega.jp/storage/DX_jacket/9c05b6c0b5ccecddb6217ff7a88cb03e.jpg
ゲームバラエティ,Quartet Theme [Reborn],COSIO(ZUNTATA/TAITO)「カルテット」,,,,,,4,6,10+,12,,https://maimai.sega.jp/storage/DX_jacket/d23cb9790f778b5ef0d902864a3dc941.jpg
ゲームバラエティ,Like the Wind [Reborn],sampling masters MEGA「パワードリフト」,,,,,,5,8,10,13+,,https://maimai.sega.jp/storage/DX_jacket/d95d9f6edbbde1efaca32a67a6e545a7.jpg
ゲームバラエティ,YA･DA･YO [Reborn],古代 祐三「ファンタジーゾーン」,,,,,,4,7+,12,12+,,https://maimai.sega.jp/storage/DX_jacket/a1e4eb07d9414e75669a987ca2badaf0.jpg
ゲームバラエティ,Space Harrier Main Theme [Reborn],佐野 信義「スペースハリアー」,,,,,,5,6,10+,13,,https://maimai.sega.jp/storage/DX_jacket/f50db67bc5dbecd543a4d93cff099bcf.jpg
maimai,ぴぴぱぷぅ！,Hiro/小山あかり,,,,,,3,7,10,12+,,https://maimai.sega.jp/storage/DX_jacket/c393bc4aec8d8724e085d8771b050715.jpg
maimai,炎歌 -ほむらうた-,Hiro/森山愛子,,,,,,4,6,10+,13,,https://maimai.sega.jp/storage/DX_jacket/2cf7b16b95300e284369659a3384b8fa.jpg
maimai,犬日和。,RYOHEI KOHNO/森綾香,,,,,,4,6,9,11+,,https://maimai.sega.jp/storage/DX_jacket/1392077577e197f696f66a73034adc26.jpg
maimai,ソーラン☆節,光吉猛修,,,,,,5,7,10,13,,https://maimai.sega.jp/storage/DX_jacket/cf6278510efd1e9591b417bf9f6a107b.jpg
ゲームバラエティ,デコボコ体操第二,光吉猛修＆体操隊,,,,,,4,6,8,10,,https://maimai.sega.jp/storage/DX_jacket/66563c460f1e8c6892d08b01bd7f2381.jpg
niconicoボーカロイド,スイートマジック,ろん×Junky,,,,,,4,6,9+,11+,,https://maimai.sega.jp/storage/DX_jacket/2cede32c6c09d68f912cb4926945a6ac.jpg
niconicoボーカロイド,ゴーゴー幽霊船,米津玄師,,,,,,4,7,10,12,,https://maimai.sega.jp/storage/DX_jacket/a33e38c20297809c0679e682bda6a7ae.jpg
niconicoボーカロイド,千本桜,黒うさP,4,6,9,12,,4,7,9+,12+,,https://maimai.sega.jp/storage/DX_jacket/d0f431ed73d1612be4f1cc61a0d6c6e2.jpg
ゲームバラエティ,御旗のもとに,「サクラ大戦」,,,,,,4,6,11,12,,https://maimai.sega.jp/storage/DX_jacket/5d816f5ddeed5799399573cd1e092ce7.jpg
maimai,FEEL ALIVE,ELEMENTAS feat. NAGISA,,,,,,5,8,11,13,,https://maimai.sega.jp/storage/DX_jacket/aecde1e1977e671ef4810d3dd1b1424e.jpg
niconicoボーカロイド,Link,Circle of friends(天月-あまつき-・un:c・伊東歌詞太郎・コニー・はしやん),,,,,,5,7,9+,11+,,https://maimai.sega.jp/storage/DX_jacket/36187beb849860cdb8a75ce57a32cce7.jpg
maimai,Turn around,Clean Tears,,,,,,6,7,12,13,,https://maimai.sega.jp/storage/DX_jacket/0a56d0a30506ba36f0d85a8ccca82b05.jpg
maimai,Feel My Fire,発熱巫女～ず,,,,,,4,8,10,12+,,https://maimai.sega.jp/storage/DX_jacket/d6f6e694d8c70182777bfbd485d495e8.jpg
maimai,Streak,ARM(IOSYS),,,,,,6,7,11+,13,,https://maimai.sega.jp/storage/DX_jacket/10008f5abeb0f2c6542af53e1a32cd70.jpg
maimai,Spin me harder,D.watt(IOSYS)feat. Asana,,,,,,6,7,11,13,,https://maimai.sega.jp/storage/DX_jacket/0bf4cd985ff76c25c5f1df31bc9d248d.jpg
maimai,Lionheart,Masayoshi Minoshima,,,,,,6,7,10,12+,,https://maimai.sega.jp/storage/DX_jacket/e86fc5593d846c8295953f43add315c8.jpg
maimai,Acceleration,REDALiCE,,,,,,6,7+,10+,12+,,https://maimai.sega.jp/storage/DX_jacket/ceefd044e4a4197c58e1a267d9de47e0.jpg
maimai,Sprintrances,Taishi,,,,,,5,7+,10,12+,,https://maimai.sega.jp/storage/DX_jacket/e47b69e614958840b3f32193f0f7599f.jpg
maimai,Nerverakes,Taishi,,,,,,6,7,10+,13+,,https://maimai.sega.jp/storage/DX_jacket/945f76f97cd7db76652d11566bfe85e0.jpg
maimai,Black Out,Tsukasa(Arte Refact),,,,,,6,7,12,12+,,https://maimai.sega.jp/storage/DX_jacket/917a8bdd1cfe27f35a6a08f909b0e264.jpg
maimai,Fragrance,Tsukasa(Arte Refact),,,,,,5,8,12,14,14,https://maimai.sega.jp/storage/DX_jacket/396b0b7a148517c3620faf8575d0fefb.jpg
maimai,Starlight Disco,loos feat. Meramipop,,,,,,4,7,10+,11+,12,https://maimai.sega.jp/storage/DX_jacket/a54e81a990c879c188f555019a239a67.jpg
niconicoボーカロイド,39,sasakure.UK x DECO*27,4,7,9,12+,,5,7+,10,12,12+,https://maimai.sega.jp/storage/DX_jacket/d0dee0ded2384fc403f677cb17c11e2c.jpg
ゲームバラエティ,地上の戦士,「サクラ大戦」,,,,,,4,6,9+,12,,https://maimai.sega.jp/storage/DX_jacket/a2c5482ca305ba953706495b8538a2cf.jpg
ゲームバラエティ,超絶！Superlative,Keitarou Hanada「戦国大戦」,,,,,,5,7+,10+,12+,,https://maimai.sega.jp/storage/DX_jacket/1d429543b9cb022eddf553a1ca241891.jpg
ゲームバラエティ,采配の刻 Power of order,Keitarou Hanada「戦国大戦」,,,,,,5,7+,10+,12+,,https://maimai.sega.jp/storage/DX_jacket/a532efb8de4cb4e6e6c80762b8f67e2f.jpg
ゲームバラエティ,DO RORO DERODERO ON DO RORO,怒髪天「百鬼大戦絵巻」,,,,,,5,8,12+,13,,https://maimai.sega.jp/storage/DX_jacket/71ae0bc9b5326b949c05a5353b2c842b.jpg
ゲームバラエティ,Natural Flow,KENTARO「Crackin’DJ」,,,,,,4,7,10+,12,,https://maimai.sega.jp/storage/DX_jacket/15161a47c42f8ecac3e8a3d43b543d74.jpg
maimai,maimaiちゃんのテーマ,YMCK,,,,,,4,6,8,11+,,https://maimai.sega.jp/storage/DX_jacket/95e61cabf11ba053b9b9bbf2c768e7da.jpg
niconicoボーカロイド,I ♥,Junky,,,,,,4,6,8,11+,,https://maimai.sega.jp/storage/DX_jacket/a550cfd841f51bd603294ea5bd798c7a.jpg
niconicoボーカロイド,＊ハロー、プラネット。,sasakure.UK,,,,,,3,6,8,12,,https://maimai.sega.jp/storage/DX_jacket/78c564819e27d45744dd8adf95fe31f5.jpg
niconicoボーカロイド,イアイア★ナイトオブデザイア,samfree,,,,,,4,6,8+,10,,https://maimai.sega.jp/storage/DX_jacket/e1cebecefcbf0688b67295597b911a07.jpg
niconicoボーカロイド,ローリンガール,wowaka,,,,,,4,6,8+,12+,,https://maimai.sega.jp/storage/DX_jacket/a2444d132ad023b1361a12a07aeb8075.jpg
niconicoボーカロイド,天ノ弱,164,,,,,,5,7,9+,12+,,https://maimai.sega.jp/storage/DX_jacket/b190b6e55394f73ffe607740c377df86.jpg
niconicoボーカロイド,弱虫モンブラン,DECO*27,,,,,,4,6,9+,12,,https://maimai.sega.jp/storage/DX_jacket/c9fc3c037dc3b06ad82f3e5ff06c8e5b.jpg
niconicoボーカロイド,モザイクロール,DECO*27,,,,,,4,6,9+,11+,,https://maimai.sega.jp/storage/DX_jacket/170ee68ae3b21ace98eb62a21abae3ca.jpg
niconicoボーカロイド,脳漿炸裂ガール,れるりり,4,6,11,12+,,4,6,11+,13+,,https://maimai.sega.jp/storage/DX_jacket/0c729157ccc2404061b00c477a25068a.jpg
niconicoボーカロイド,SPiCa,とくP,,,,,,4,6,8+,12,,https://maimai.sega.jp/storage/DX_jacket/683b1ce79209294f1301dd8220328109.jpg
niconicoボーカロイド,セツナトリップ,Last Note.,,,,,,4,6,10,13,,https://maimai.sega.jp/storage/DX_jacket/ac670454548d030e4b1b06e65a3521a9.jpg
niconicoボーカロイド,放課後ストライド,Last Note.,,,,,,4,7,9+,12+,,https://maimai.sega.jp/storage/DX_jacket/cf9ce6bd2ff210bb8bb19aabc7efe450.jpg
niconicoボーカロイド,カゲロウデイズ,じん,,,,,,4,6,10,12+,13+,https://maimai.sega.jp/storage/DX_jacket/da439befc35d5e1b869ce4543a6ed091.jpg
東方Project,チルノのパーフェクトさんすう教室,ARM＋夕野ヨシミ(IOSYS)feat. miko,,,,,,4,6,9,12,,https://maimai.sega.jp/storage/DX_jacket/e7350faac162a7e0b828078c6a3a5065.jpg
東方Project,Bad Apple!! feat nomico,Masayoshi Minoshima,,,,,,4,6,9,11+,12+,https://maimai.sega.jp/storage/DX_jacket/bb212a34abae6f051f48b18a6ef5ac1f.jpg
東方Project,魔理沙は大変なものを盗んでいきました,ARM＋夕野ヨシミ(IOSYS)feat. 藤咲かりん,,,,,,4,6,8,12+,,https://maimai.sega.jp/storage/DX_jacket/76041cfec7b78274d1d0a6a01f9c9a57.jpg
東方Project,Grip & Break down !!,SOUND HOLIC feat. Nana Takahashi,,,,,,4,6,8+,12+,,https://maimai.sega.jp/storage/DX_jacket/d8fdc19942ca61d55d2030f470d68708.jpg
東方Project,"Help me, ERINNNNNN!!",ビートまりお(COOL＆CREATE),,,,,,5,6,10,11+,,https://maimai.sega.jp/storage/DX_jacket/848f71b51a850414d42305279e3073d3.jpg
東方Project,ナイト・オブ・ナイツ,ビートまりお(COOL＆CREATE),,,,,,4,7,10+,12,14,https://maimai.sega.jp/storage/DX_jacket/7bb38040fb2f12c39ce147deb178e69f.jpg
東方Project,全人類ノ非想天則,SOUND HOLIC feat. 匠眞,,,,,,4,7,9,12+,,https://maimai.sega.jp/storage/DX_jacket/3f2ff2036d1c96d295a4ef09cd311ba6.jpg
東方Project,しゅわスパ大作戦☆,SOUND HOLIC feat. Nana Takahashi,,,,,,5,6,8+,12,,https://maimai.sega.jp/storage/DX_jacket/c995b4ab83b55acbcc7feffb2413167a.jpg
ゲームバラエティ,時空を超えて久しぶり！,アルル(CV 園崎未恵)「ぷよぷよ」,,,,,,3,5,9,12,,https://maimai.sega.jp/storage/DX_jacket/05b8ac902b07a356a4ac4f824e7a5ab2.jpg
ゲームバラエティ,Her Dream Is To Be A Fantastic Sorceress,アミティ(CV 菊池志穂)「ぷよぷよ」,,,,,,3,6,9+,10+,,https://maimai.sega.jp/storage/DX_jacket/b4e41caaf3230e83a6ab412bf5312145.jpg
ゲームバラエティ,ココロスキャンのうた,ササキトモコ「音声感情測定器ココロスキャン」,,,,,,4,6,10,13,,https://maimai.sega.jp/storage/DX_jacket/76a1228a95324295d9e5e4376efaf86e.jpg
ゲームバラエティ,神室雪月花,桐生 一馬「龍が如く」,,,,,,4,6,11,12,,https://maimai.sega.jp/storage/DX_jacket/7517c97510079d761e700b950affba7c.jpg
ゲームバラエティ,KONNANじゃないっ！,澤村 遥「龍が如く５ 夢、叶えし者」,,,,,,4,6,8,12+,,https://maimai.sega.jp/storage/DX_jacket/4f2ff8314b8507f4357e394ee810baae.jpg
ゲームバラエティ,awake,下田麻美「Shining・Force CROSS ELYSION」,,,,,,4,7+,8,12+,,https://maimai.sega.jp/storage/DX_jacket/07fb2c5169f7a91bb349d3bdc7f336c4.jpg
ゲームバラエティ,Mysterious Destiny,「BAYONETTA(ベヨネッタ)」,,,,,,4,6,11+,12+,,https://maimai.sega.jp/storage/DX_jacket/f62c67edf0e934e2c82ab12d6e9077a6.jpg
ゲームバラエティ,Riders Of The Light,「BAYONETTA(ベヨネッタ)」,,,,,,3,6,10+,12,,https://maimai.sega.jp/storage/DX_jacket/59e3c02d04ad12d2fcf6c0fd7a3f16a1.jpg
ゲームバラエティ,Terminal Storm,三草康二郎「CODE OF JOKER」,,,,,,4,7,10,13,,https://maimai.sega.jp/storage/DX_jacket/185bc1a6f604f96fe003ae32ad9e9547.jpg
maimai,記憶、記録,LOPIT(SEGA),,,,,,4,8,10,13,,https://maimai.sega.jp/storage/DX_jacket/41dcc0d8b040a4d3822e38869cfec905.jpg
ゲームバラエティ,セガサターン起動音[H.][Remix],Hiro,,,,,,3,6,10,12,,https://maimai.sega.jp/storage/DX_jacket/18255621575e613742b6315fd2428033.jpg
niconicoボーカロイド,夜咄ディセイブ,じん,,,,,,4,7+,11,13,,https://maimai.sega.jp/storage/DX_jacket/e2b10eb5f72ea23189433b2c34f1983b.jpg
東方Project,ウサテイ,あまね＋ビートまりお(COOL＆CREATE),,,,,,5,6,9+,13,,https://maimai.sega.jp/storage/DX_jacket/f7c2023fb1760708fa41776cfe3ea784.jpg
東方Project,sweet little sister,Silver Forest,,,,,,4,6,9+,12+,,https://maimai.sega.jp/storage/DX_jacket/02670f3ca942a3dc7e9aa13c3e25b366.jpg
maimai,Blew Moon,t+pazolite,,,,,,4,8,11,12+,13,https://maimai.sega.jp/storage/DX_jacket/445e645cb17a92376e445464df2abb25.jpg
maimai,Garakuta Doll Play,t+pazolite,,,,,,6,8,12,14,14+,https://maimai.sega.jp/storage/DX_jacket/7afdb52816e5ab4bba45070717656dcf.jpg
maimai,Dreampainter,Sta feat.tigerlily and DOT96,,,,,,4,7,10,12,,https://maimai.sega.jp/storage/DX_jacket/b2a0a60cdb106ff5d9096fb6b66def0b.jpg
maimai,ぐるぐるWASH！コインランドリー・ディスコ,D.watt(IOSYS)feat.ちよこ,,,,,,4,6,8+,11+,,https://maimai.sega.jp/storage/DX_jacket/e21f323570eb18167269c929ca2b1339.jpg
maimai,CYCLES,Masayoshi Minoshima feat. 綾倉盟,,,,,,5,7,9+,13,,https://maimai.sega.jp/storage/DX_jacket/c425c82ed7a31851fa83d4b14a9f8035.jpg
maimai,Heartbeats,RAMM feat. 若井友希,,,,,,4,8,10+,12+,,https://maimai.sega.jp/storage/DX_jacket/966017e9d154ab5e0af77f8b18bacb3b.jpg
maimai,Life Feels Good,Cranky,,,,,,5,8,11+,13+,,https://maimai.sega.jp/storage/DX_jacket/6beb9f075fd4cb49f63382197a7a66d0.jpg
maimai,MYTHOS,Cranky feat. まらしぃ ＆ てっぺい先生,,,,,,4,7+,11,14,,https://maimai.sega.jp/storage/DX_jacket/626336b248a6671a99d8b56a4bc72786.jpg
maimai,End of Twilight,ALiCE'S EMOTiON feat. Ayumi Nomiya,,,,,,4,7,10+,12+,,https://maimai.sega.jp/storage/DX_jacket/02d1bce5cd9760994e6a2d01f123e769.jpg
maimai,火炎地獄,山根ミチル,,,,,,5,8,11,13+,,https://maimai.sega.jp/storage/DX_jacket/b50286ab6c7deffad863584a83a9b1cf.jpg
maimai,ユビキリ,山根ミチル,,,,,,4,7,10+,12+,,https://maimai.sega.jp/storage/DX_jacket/65a2678457b2dbabe2f16b3b6e54172d.jpg
maimai,Pixel Voyage,YMCK,,,,,,3,6,8+,12,,https://maimai.sega.jp/storage/DX_jacket/486f841c209dd218d9058ea85a4178a3.jpg
maimai,Get Happy,Jimmy Weckl,,,,,,5,7,11+,13,,https://maimai.sega.jp/storage/DX_jacket/dea91e54297a9716aba45a5b959189be.jpg
maimai,Cosmic Train,Shoichiro Hirata feat.SUIMI,,,,,,4,5,9+,11+,,https://maimai.sega.jp/storage/DX_jacket/a530e0106b0eb1c502dce09e18d4e10d.jpg
maimai,ナミダと流星,芳川よしの,,,,,,5,7,9+,12,,https://maimai.sega.jp/storage/DX_jacket/9b2379830b5ffdb501006506f9b829fe.jpg
maimai,おても☆Yan,光吉猛修,,,,,,4,6,9,12,,https://maimai.sega.jp/storage/DX_jacket/e40da4a25f23281b2f06d2694aa6f227.jpg
maimai,maiム・maiム feat.週刊少年マガジン,にしもと先生、タクマ、どんちゃん「ちょっと盛りました。」,,,,,,4,6,10,12+,,https://maimai.sega.jp/storage/DX_jacket/f55e5e7abb1cd327f4ac9344de3b285e.jpg
maimai,Danza zandA,福山光晴,,,,,,4,7,9+,12+,13,https://maimai.sega.jp/storage/DX_jacket/7c3a582738bab3322047423d4618ee87.jpg
maimai,Monochrome Rainbow,Sta,,,,,,4,7+,9+,12,,https://maimai.sega.jp/storage/DX_jacket/37efbd19b775714179c4d94c2a49bf13.jpg
maimai,みんなのマイマイマー,ビートまりお(COOL＆CREATE)+ ARM(IOSYS),,,,,,4,7+,10,13,,https://maimai.sega.jp/storage/DX_jacket/18cb4ef4f319469ec8c77825d7d847ff.jpg
ゲームバラエティ,円舞曲、君に,「サクラ大戦奏組」,,,,,,4,6,10,12+,,https://maimai.sega.jp/storage/DX_jacket/f0265fb816be1c066681583a241e6d60.jpg
ゲームバラエティ,Live & Learn,Crush 40「ソニックアドベンチャー2」,,,,,,4,6,10,12+,,https://maimai.sega.jp/storage/DX_jacket/2a013cc0e1eb7e6df9dfa7672c9b25c4.jpg
ゲームバラエティ,Burning Hearts ～炎のANGEL～,幡谷尚史 Arranged by SEGA Sound Unit [H.]「バーニングレンジャー」,,,,,,4,7,9+,11+,13+,https://maimai.sega.jp/storage/DX_jacket/3cb25acff0866fc535ed599e104ee2e3.jpg
niconicoボーカロイド,いーあるふぁんくらぶ,みきとP,3,6,8,11,,4,6,7,11,12,https://maimai.sega.jp/storage/DX_jacket/34368374720d4fe81cbb8eec4f9f6ebb.jpg
niconicoボーカロイド,Nyan Cat EX,daniwell,,,,,,4,7,10,12+,,https://maimai.sega.jp/storage/DX_jacket/267e1d3ad153ccf800714133a72b2826.jpg
niconicoボーカロイド,ぽっぴっぽー, ,,,,,,3,6,8+,12+,,https://maimai.sega.jp/storage/DX_jacket/f2f5260c3d6a37725616bb28ebda187e.jpg
maimai,BREAK YOU!!,A-One,,,,,,5,6,10,13,,https://maimai.sega.jp/storage/DX_jacket/2fa7c19b40610cb6ce72b8e9fae4b99c.jpg
maimai,JUMPIN' JUMPIN',SOUND HOLIC feat. Nana Takahashi,,,,,,4,7+,10+,12,,https://maimai.sega.jp/storage/DX_jacket/4a6a3548877ac5ecd2cfb4cba52daa2e.jpg
maimai,L'épilogue,SOUND HOLIC feat. Nana Takahashi,,,,,,5,7,10+,13+,,https://maimai.sega.jp/storage/DX_jacket/5f30a476606ce18c84b073a2f930235d.jpg
ゲームバラエティ,Save This World νMIX,「PHANTASY STAR PORTABLE」,,,,,,5,7,9,12+,12,https://maimai.sega.jp/storage/DX_jacket/61e9f13c29fe70b6ea072e5e5bb7b6ed.jpg
ゲームバラエティ,Living Universe,「PHANTASY STAR PORTABLE2」,,,,,,4,7,9,11,12,https://maimai.sega.jp/storage/DX_jacket/d10957089b73077ffeada5170ec4bbd7.jpg
ゲームバラエティ,Ignite Infinity,「PHANTASY STAR PORTABLE2 ∞」,,,,,,4,6,10+,12,,https://maimai.sega.jp/storage/DX_jacket/c5bc0344c3c12b80be5feb81a6398ea0.jpg
niconicoボーカロイド,トルコ行進曲 - オワタ＼(^o^)／,オワタP,,,,,,3,6,9,13,,https://maimai.sega.jp/storage/DX_jacket/c469134f8ed9b59632e6506cf143f755.jpg
niconicoボーカロイド,裏表ラバーズ,wowaka,,,,,,5,7,11,13+,,https://maimai.sega.jp/storage/DX_jacket/2871cf75ed0f504bab91029d1b34b8b2.jpg
ゲームバラエティ,Outlaw's Lullaby,「龍が如く２」,,,,,,4,7+,9+,13+,,https://maimai.sega.jp/storage/DX_jacket/cc70dfce734b3df90abc22dc6811e865.jpg
ゲームバラエティ,Brand-new Japanesque,「龍が如く 見参！」,,,,,,4,7,9+,12,,https://maimai.sega.jp/storage/DX_jacket/b06d4fc9a407b350010009a649ada4b1.jpg
ゲームバラエティ,レッツゴー!陰陽師,「新豪血寺一族 -煩悩解放-」,,,,,,3,6,8+,12+,,https://maimai.sega.jp/storage/DX_jacket/66dc52a324bdc2808ff79ed9f9a3a4ae.jpg
niconicoボーカロイド,炉心融解,iroha(sasaki)／kuma(alfred),,,,,,4,6,10,12+,,https://maimai.sega.jp/storage/DX_jacket/40039a08576cd6955cff88388cc39c83.jpg
niconicoボーカロイド,ダブルラリアット,アゴアニキ,,,,,,4,5,9+,12+,,https://maimai.sega.jp/storage/DX_jacket/b3530f6ec0857b684e092bf49a78b1b9.jpg
niconicoボーカロイド,からくりピエロ,40mP,,,,,,3,5,9,12,12,https://maimai.sega.jp/storage/DX_jacket/976b7a19bc78d88a9d7fa47ebfc6d396.jpg
niconicoボーカロイド,ネトゲ廃人シュプレヒコール,さつき が てんこもり,,,,,,4,7,9+,13,,https://maimai.sega.jp/storage/DX_jacket/6f2d69266c35b966a92c32930b62a080.jpg
niconicoボーカロイド,むかしむかしのきょうのぼく,DECO*27,,,,,,4,6,9,11,,https://maimai.sega.jp/storage/DX_jacket/e3e554791e4b7707ac2812494ec083ab.jpg
niconicoボーカロイド,magician's operation,EZFG,,,,,,4,7,10+,13+,,https://maimai.sega.jp/storage/DX_jacket/9a937012f14a94d21d6b9758a62d655a.jpg
niconicoボーカロイド,六兆年と一夜物語,kemu,5,7+,9,13,,5,7,9+,13,,https://maimai.sega.jp/storage/DX_jacket/26ce02daf66e5841220e712a0c81d7e6.jpg
niconicoボーカロイド,みくみくにしてあげる♪【してやんよ】,ika,,,,,,4,6,8,11,,https://maimai.sega.jp/storage/DX_jacket/1660b828c5f357ddc36364476956b01d.jpg
niconicoボーカロイド,リリリリ★バーニングナイト,samfree,,,,,,4,7,8+,10,,https://maimai.sega.jp/storage/DX_jacket/fe86e6fa27ae01385e59d6e2ad963c27.jpg
niconicoボーカロイド,ハロ／ハワユ,ナノウ,,,,,,4,5,8,11,,https://maimai.sega.jp/storage/DX_jacket/42f7ec17519d49b3be8db30daa19f070.jpg
ゲームバラエティ,Our Fighting,クーナ(CV 喜多村英梨)「PHANTASY STAR ONLINE 2」,,,,,,4,6,9+,11+,,https://maimai.sega.jp/storage/DX_jacket/fcd0cecbea8456e6567110442df9c396.jpg
東方Project,緋色のDance,岸田教団＆THE明星ロケッツ,,,,,,4,6,9+,12+,13+,https://maimai.sega.jp/storage/DX_jacket/1f3fe0f83da32a2c83a016071a5616e6.jpg
東方Project,明星ロケット,岸田教団＆THE明星ロケッツ,,,,,,4,6,9,11+,12,https://maimai.sega.jp/storage/DX_jacket/dd68613efddbd743fa7e571f7a4f548d.jpg
ゲームバラエティ,The Great Journey,光吉猛修「ホルカ・トルカ」,,,,,,4,6,9,11,,https://maimai.sega.jp/storage/DX_jacket/02935c8a07a90fa999a87b92423389ee.jpg
東方Project,お嫁にしなさいっ！,ARM＋夕野ヨシミ(IOSYS),,,,,,4,6,9+,12,,https://maimai.sega.jp/storage/DX_jacket/23f7f4c027f3b8de91a49609c5ae73c1.jpg
niconicoボーカロイド,ロストワンの号哭,Neru,,,,,,4,6,9+,13,14,https://maimai.sega.jp/storage/DX_jacket/16b0cc983b409cf0f4220108af8ce2b4.jpg
niconicoボーカロイド,Sweet Devil,八王子P,,,,,,4,6,10,11+,,https://maimai.sega.jp/storage/DX_jacket/1f51416d7fa77ffc41c26cfbf62e17c2.jpg
東方Project,患部で止まってすぐ溶ける～狂気の優曇華院,ARM＋夕野ヨシミ(IOSYS)feat. miko,3,7+,11,13,,4,7,9+,13,14,https://maimai.sega.jp/storage/DX_jacket/338855bc2141eec856e68974fa9bbb0f.jpg
東方Project,ケロ⑨destiny,Silver Forest,,,,,,4,6,9+,12,,https://maimai.sega.jp/storage/DX_jacket/c273b99aa0601a7675ec02fe08ce9874.jpg
東方Project,"Endless, Sleepless Night",samfree feat.(V)・∀・(V)かにぱん。(A-ONE),,,,,,4,7,9+,13,,https://maimai.sega.jp/storage/DX_jacket/ba861490aada0a2b104cbbd92f6245e1.jpg
POPSアニメ,POP STAR,平井堅 [cover],,,,,,4,6,8,10+,,https://maimai.sega.jp/storage/DX_jacket/aff3e847c7c2a6aff4998e647e824c37.jpg
ゲームバラエティ,Back 2 Back,長沼英樹「ソニック ラッシュ」,,,,,,5,7,9+,13,,https://maimai.sega.jp/storage/DX_jacket/fb8b226a5bf82863a63ac47eb739b00f.jpg
東方Project,神々の祈り,舞風-MAIKAZE/沙紗飛鳥,,,,,,3,6,8,12,,https://maimai.sega.jp/storage/DX_jacket/391af7463dd10e785f780775b9f4cf36.jpg
東方Project,エピクロスの虹はもう見えない,SYNC.ART'S feat. 美里,,,,,,4,6,8+,11,12+,https://maimai.sega.jp/storage/DX_jacket/15dc1915ef626285de048014bde1f16d.jpg
東方Project,シアワセうさぎ,あまね＋ビートまりお(COOL＆CREATE),,,,,,4,6,7+,10,,https://maimai.sega.jp/storage/DX_jacket/d6d6b153c183976cf030ab3145934a04.jpg
東方Project,ってゐ！ ～えいえんてゐVer～,石鹸屋,,,,,,4,6,8+,12,12+,https://maimai.sega.jp/storage/DX_jacket/b3740321aff989d69cfc1f567f031963.jpg
東方Project,待チ人ハ来ズ。,豚乙女,,,,,,4,6,8+,12+,,https://maimai.sega.jp/storage/DX_jacket/5dcce82adaab68f95da3dd754e17e1e6.jpg
東方Project,Cosmic Magic Shooter,SOUND HOLIC feat. Nana Takahashi,,,,,,4,7,9+,13,,https://maimai.sega.jp/storage/DX_jacket/9bad4b0d9a010009105a1706a61a962b.jpg
niconicoボーカロイド,深海少女,ゆうゆ,,,,,,4,6,8+,12+,,https://maimai.sega.jp/storage/DX_jacket/22b82c7420de2d8004554e72ba20eee2.jpg
niconicoボーカロイド,M.S.S.Planet,M.S.S Project,,,,,,4,6,9+,12,,https://maimai.sega.jp/storage/DX_jacket/2f101f163e8866aefcc61b868de1e01f.jpg
東方Project,東方スイーツ！～鬼畜姉妹と受難メイド～,Innocent Keyと小宮真央、ココ、樹詩音,,,,,,4,6,9+,12+,,https://maimai.sega.jp/storage/DX_jacket/6218b58a29d297fd4b404d1e07eeffff.jpg
東方Project,幻想のサテライト,豚乙女,4,7+,10,13,,4,7,10,13+,,https://maimai.sega.jp/storage/DX_jacket/3a1c6c50400f90f44efb360ec1e3f333.jpg
東方Project,最速最高シャッターガール,ビートまりお(COOL＆CREATE),,,,,,3,7,9+,12,,https://maimai.sega.jp/storage/DX_jacket/ef1c11bdb788455cdfee875a58eef718.jpg
POPSアニメ,バラライカ,Performed by 光吉猛修,,,,,,4,6,8+,11,,https://maimai.sega.jp/storage/DX_jacket/4940882eabc0edd624e5e203a8099a3c.jpg
niconicoボーカロイド,林檎華憐歌,ビートまりお母(尾崎順子),,,,,,4,6,10,11+,,https://maimai.sega.jp/storage/DX_jacket/7a1624fed42b7a089f90b29e6d808977.jpg
POPSアニメ,YATTA!,はっぱ隊 [cover],,,,,,3,6,8+,10+,,https://maimai.sega.jp/storage/DX_jacket/444a1fe8b58bc721cb4f35823eac35c6.jpg
ゲームバラエティ,Jack-the-Ripper◆,sasakure.UK,,,,,,5,8,11,13+,,https://maimai.sega.jp/storage/DX_jacket/2a1d1348d327d95e9ef5456bbbae8ff6.jpg
ゲームバラエティ,Windy Hill -Zone 1,大谷智哉「ソニック ロストワールド」,,,,,,4,7,9+,12+,,https://maimai.sega.jp/storage/DX_jacket/0919159dad1a1f376343e2114de3db44.jpg
ゲームバラエティ,コトバ・カラフル,うたよめ575＜正岡小豆(大坪由佳)小林抹茶(大橋彩香)＞,,,,,,3,6,7,13,,https://maimai.sega.jp/storage/DX_jacket/39ec34280f87a561eede7885b25f8037.jpg
maimai,タカハせ！名人マン,ビートまりお + ARM feat. 高橋名人,,,,,,4,6,8+,13,,https://maimai.sega.jp/storage/DX_jacket/fea150e47028846e1f9bfd9050ce4bde.jpg
maimai,言ノ葉カルマ,そらる・ろん×れるりり,,,,,,4,6,9+,12+,,https://maimai.sega.jp/storage/DX_jacket/514f1cb6d8fc4adb1554782afa80a8d8.jpg
ゲームバラエティ,かせげ！ジャリンコヒーロー,角田信朗「ヒーローバンク」,,,,,,4,6,8+,11,,https://maimai.sega.jp/storage/DX_jacket/cdac95aea150681bb4dfc45b1ffeb71d.jpg
ゲームバラエティ,キズナの物語,Trefle「チェインクロニクル」,,,,,,4,6,8,12+,,https://maimai.sega.jp/storage/DX_jacket/25c17c5af88caa91a50dde3accfcdad0.jpg
niconicoボーカロイド,Heart Beats,向日葵×emon(Tes.),,,,,,5,6,8+,11+,,https://maimai.sega.jp/storage/DX_jacket/34e3768fd9e92f3e58300bee6ee4dba0.jpg
niconicoボーカロイド,アゲアゲアゲイン,Mitchie M,,,,,,4,7,9,12,,https://maimai.sega.jp/storage/DX_jacket/5e86f665459d43c09f959a3f80b82217.jpg
ゲームバラエティ,鼓動,青木 千紘「龍が如く 維新！」,,,,,,3,6,9+,13,,https://maimai.sega.jp/storage/DX_jacket/3fae89fa5775b30e530ab8cb51a25999.jpg
ゲームバラエティ,DRAGONLADY,Nankumo/CUBE3,,,,,,5,7,11+,13+,,https://maimai.sega.jp/storage/DX_jacket/122c252ea6b80455f2a4bc51a6cbd6ef.jpg
niconicoボーカロイド,二息歩行,DECO*27,,,,,,4,6,9,12+,,https://maimai.sega.jp/storage/DX_jacket/97f12fb114fdf2098035b3f0825619de.jpg
ゲームバラエティ,ファンタジーゾーン OPA-OPA! -GMT remix-,Hiro(SEGA)「ファンタジーゾーン」,,,,,,4,6,9+,12+,,https://maimai.sega.jp/storage/DX_jacket/007db5c7ff6725dfbcbe158b9c979167.jpg
ゲームバラエティ,電車で電車でGO!GO!GO!GC! -GMT remix-,COSIO(ZUNTATA/TAITO)/沢城千春「電車でGO!」,,,,,,4,6,8,11+,,https://maimai.sega.jp/storage/DX_jacket/35922b6e6bf3cbf552b5fb7d35b1094a.jpg
ゲームバラエティ,RIDGE RACER STEPS -GMT remix-,Yuji Masubuchi(BNGI)「RIDGE RACER」,,,,,,5,7,10+,13,,https://maimai.sega.jp/storage/DX_jacket/a611012713702cdc0653f032b77ab163.jpg
ゲームバラエティ,リッジでリッジでGO!GO!GO! -GMT mashup-,Hiro(SEGA)「RIDGE RACER」「電車でGO!」,,,,,,4,6,10+,12+,,https://maimai.sega.jp/storage/DX_jacket/688a25c40c1df1d9e44b6dd9a2021ddc.jpg
ゲームバラエティ,オパ! オパ! RACER -GMT mashup-,COSIO(ZUNTATA/TAITO)「ファンタジーゾーン」「RIDGE RACER」,,,,,,4,6,9+,13,,https://maimai.sega.jp/storage/DX_jacket/a6e3485e82c5255e509a9909c7bb2a9e.jpg
ゲームバラエティ,電車で電車でOPA!OPA!OPA! -GMT mashup-,Yuji Masubuchi(BNGI)「電車でGO!」「ファンタジーゾーン」,,,,,,4,6,10+,13+,,https://maimai.sega.jp/storage/DX_jacket/237c10fc6caf55bedb9a092ac2b855d1.jpg
maimai,Axeria,AcuticNotes,,,,,,6,7+,11+,14,,https://maimai.sega.jp/storage/DX_jacket/65f353c76ed03f6bf2b926b36ece5aef.jpg
maimai,ピーマンたべたら,カタオカツグミ,,,,,,5,6,10,13,,https://maimai.sega.jp/storage/DX_jacket/c26a0a4c1c8dc492b3797d6c0a3fd9c4.jpg
maimai,MIRROR of MAGIC,Shoichiro Hirata feat.SUIMI,,,,,,4,7,9+,12+,,https://maimai.sega.jp/storage/DX_jacket/e54409fc683d7ad61c662a229a50b0db.jpg
東方Project,究極焼肉レストラン！お燐の地獄亭！,ARM＋夕野ヨシミ(IOSYS)feat. 藤枝あかね,,,,,,4,6,9+,12,,https://maimai.sega.jp/storage/DX_jacket/97c00599ff32f308fab94bc2b3684f9e.jpg
niconicoボーカロイド,shake it!,emon,,,,,,4,6,8,11+,,https://maimai.sega.jp/storage/DX_jacket/3337b1465b04be6678a235cbd3ee41f8.jpg
POPSアニメ,1/3の純情な感情,SIAM SHADE [covered by 湯毛],,,,,,5,6,9,11+,,https://maimai.sega.jp/storage/DX_jacket/de1dbc45dbf00035e28d827cf133e596.jpg
niconicoボーカロイド,毒占欲,DECO*27,,,,,,5,7,9+,13,,https://maimai.sega.jp/storage/DX_jacket/2c13cdf677e07415681b8fe6ab609c4b.jpg
東方Project,YU-MU,岸田教団＆THE明星ロケッツ,,,,,,4,6,9+,12+,,https://maimai.sega.jp/storage/DX_jacket/cebf9a6fdacee8ec7b6108d236bdf887.jpg
東方Project,物凄い勢いでけーねが物凄いうた,Halozy,,,,,,4,6,8+,12,,https://maimai.sega.jp/storage/DX_jacket/5f46c3448b21cdf7e5a9ee87c226e610.jpg
maimai,BETTER CHOICE,Jimmy Weckl feat.高貴みな,,,,,,5,7,9+,12,,https://maimai.sega.jp/storage/DX_jacket/7486b185ed2750b5fa7fe921b39e8ecf.jpg
maimai,Oshama Scramble!,t+pazolite,5,8+,11,13,,5,7+,11,14,,https://maimai.sega.jp/storage/DX_jacket/715258450d147139c3543de1cd5fb024.jpg
maimai,ガラテアの螺旋,sasakure.UK,,,,,,6,8,12+,14,14+,https://maimai.sega.jp/storage/DX_jacket/b8563991502455a4263f8b063180dce3.jpg
maimai,oboro,ヒゲドライバー,,,,,,5,7,11,13,,https://maimai.sega.jp/storage/DX_jacket/1b1326243a3a0c456074db66ab0ee89c.jpg
niconicoボーカロイド,アンハッピーリフレイン,wowaka,,,,,,5,7,10+,13,,https://maimai.sega.jp/storage/DX_jacket/c5f94f720b4647b99074b76809b7fbaf.jpg
niconicoボーカロイド,One Step Ahead,伊東歌詞太郎,,,,,,4,6,10,11+,,https://maimai.sega.jp/storage/DX_jacket/9563762afbbd5e20aa80a80183ab9d26.jpg
ゲームバラエティ,L9,paraoka,,,,,,6,7,9+,13,,https://maimai.sega.jp/storage/DX_jacket/320e22beb1bb2b77ab99cabe13f378eb.jpg
maimai,Caliburne ～Story of the Legendary sword～,Project Grimoire,,,,,,6,8,12,14,,https://maimai.sega.jp/storage/DX_jacket/47346e18a0df52c69e7f7c64d39ebc37.jpg
niconicoボーカロイド,どうしてこうなった,うどんゲルゲ,,,,,,5,7,10+,13+,,https://maimai.sega.jp/storage/DX_jacket/ee60d3570f503af1f15563dfa4bc4e2c.jpg
ゲームバラエティ,B.B.K.K.B.K.K.,nora2r,,,,,,5,8,11+,13+,,https://maimai.sega.jp/storage/DX_jacket/5ba11aff8764c4d611843cec3fb716a4.jpg
niconicoボーカロイド,おこちゃま戦争,ギガ/れをる,,,,,,4,6,9+,12+,,https://maimai.sega.jp/storage/DX_jacket/5ea202bae3c87c051a2d2153cfcc0b55.jpg
niconicoボーカロイド,Link,Circle of friends(天月-あまつき-・un:c・伊東歌詞太郎・コニー・はしやん),,,,,,5,7,9+,11+,,https://maimai.sega.jp/storage/DX_jacket/36187beb849860cdb8a75ce57a32cce7.jpg
maimai,VERTeX,Hiro「maimai」より,,,,,,5,8,10+,14,,https://maimai.sega.jp/storage/DX_jacket/109211f39d5e91fb91242bb7fef3a60d.jpg
ゲームバラエティ,Ignis Danse,Yuji Masubuchi「太鼓の達人」より,,,,,,5,7,12,14,,https://maimai.sega.jp/storage/DX_jacket/0678380a0368d66635378ed223d7048a.jpg
ゲームバラエティ,Scars of FAUNA,猫叉Master「jubeat」より,,,,,,5,7,10,13+,,https://maimai.sega.jp/storage/DX_jacket/d46a3d7b0d0affcb2a119e075b7e37c1.jpg
ゲームバラエティ,FUJIN Rumble,COSIO(ZUNTATA)「グルーヴコースター」より,,,,,,5,7+,10+,14,,https://maimai.sega.jp/storage/DX_jacket/423eab72d57a60ac59abded38d0ae42c.jpg
ゲームバラエティ,きたさいたま2000,LindaAI-CUE(BNGI)「太鼓の達人」より,,,,,,5,7+,12+,14,,https://maimai.sega.jp/storage/DX_jacket/779a04397be57b58f55175ba88c1ada8.jpg
ゲームバラエティ,FLOWER,DJ YOSHITAKA「jubeat」より,,,,,,5,7,11,13+,,https://maimai.sega.jp/storage/DX_jacket/55ebb569d2a1ce954c0754c1373afb56.jpg
ゲームバラエティ,Got more raves？,E.G.G.「グルーヴコースター」より,,,,,,5,8,11+,14,,https://maimai.sega.jp/storage/DX_jacket/281d0b263c7a9054be115f7e17a7880e.jpg
niconicoボーカロイド,不毛！,ぽてんしゃる0,,,,,,4,7,9,11+,,https://maimai.sega.jp/storage/DX_jacket/ac3bf75e9ec0f0bfb60e1f8f1fb913f5.jpg
niconicoボーカロイド,デッドレッドガールズ,MARUDARUMA,,,,,,4,7+,9+,13+,,https://maimai.sega.jp/storage/DX_jacket/3ff4962c421a53d0a60b0e4fef78d555.jpg
niconicoボーカロイド,赤心性：カマトト荒療治,スズム,,,,,,5,7,8+,13,,https://maimai.sega.jp/storage/DX_jacket/34e2ae7c7ea59772c6fe145eb069cf1e.jpg
maimai,悪戯,ろん×田中秀和(MONACA),,,,,,4,6,9,12+,,https://maimai.sega.jp/storage/DX_jacket/28063d319a9480222cc50b8410749c78.jpg
東方Project,響縁,豚乙女,,,,,,4,6,8+,12+,,https://maimai.sega.jp/storage/DX_jacket/ee81a81684378767ce025c1a45ddb654.jpg
niconicoボーカロイド,LOL -lots of laugh-,KeN/エンドケイプ,,,,,,4,6,9,11,,https://maimai.sega.jp/storage/DX_jacket/3b1168a21cb5694f48ef9e9dd3fdc211.jpg
niconicoボーカロイド,クローバー♣クラブ,ゆうゆ,,,,,,4,6,8+,12+,,https://maimai.sega.jp/storage/DX_jacket/76c6f308854d57e3d424969ad9859c37.jpg
niconicoボーカロイド,妄想税,DECO*27,,,,,,4,6,9+,11,,https://maimai.sega.jp/storage/DX_jacket/cd676b275c0b22cb8763e1e15f3991e7.jpg
niconicoボーカロイド,どういうことなの！？,くちばしP,,,,,,4,7,10,13,,https://maimai.sega.jp/storage/DX_jacket/cc3b827c5fd2be0a4565557d438f1e2e.jpg
niconicoボーカロイド,初音ミクの消失,cosMo＠暴走P,,,,,,5,8,10+,13+,,https://maimai.sega.jp/storage/DX_jacket/76192fe58f67817b1cb9d7b00a42acbf.jpg
niconicoボーカロイド,イノコリ先生,HoneyWorks,,,,,,4,6,8+,12,,https://maimai.sega.jp/storage/DX_jacket/772885c93b5a83236e2bb88569ace5da.jpg
東方Project,キャプテン・ムラサのケツアンカー,ARM＋夕野ヨシミ(IOSYS)feat.山本椛,,,,,,4,6,10,12+,,https://maimai.sega.jp/storage/DX_jacket/57b64ae9bd8ecd759fb4d7415610aef8.jpg
POPSアニメ,若い力 -SEGA HARD GIRLS MIX-,SC-3000(シーさん)/CV.相沢 舞、SG-1000(せん)/CV.芹澤 優、SG-1000Ⅱ(せんつー)/CV.大空直美、ゲームギア(ムギ)/CV.田中美海、ロボピッチャ(ぴっちゃん)/CV.もものはるな「Hi☆sCoool! セハガール」 [アニメPV],,,,,,4,6,9,12,12,https://maimai.sega.jp/storage/DX_jacket/d12b9a740cba8fb0275ad82222783879.jpg
niconicoボーカロイド,ウミユリ海底譚,n-buna,,,,,,4,6,8+,13,,https://maimai.sega.jp/storage/DX_jacket/5e57e4d02548cc79457fb74273a1a698.jpg
maimai,welcome to maimai!! with マイマイマー,Hiro feat.越田Rute隆人&ビートまりお,,,,,,5,7,8+,12,,https://maimai.sega.jp/storage/DX_jacket/5b429439076d4980413528cf8017906f.jpg
niconicoボーカロイド,ストリーミングハート,DECO*27,,,,,,4,7,9+,12+,,https://maimai.sega.jp/storage/DX_jacket/250d7ef620329d8a4d6b1d80b29bc990.jpg
オンゲキCHUNITHM,Change Our MIRAI！,イロドリミドリ「CHUNITHM」,5,7+,10+,12,,4,7,10,12+,,https://maimai.sega.jp/storage/DX_jacket/af019e7c0640b1de139f23a63b3b3a19.jpg
maimai,Aiolos,xi,,,,,,6,8,11+,14,,https://maimai.sega.jp/storage/DX_jacket/9729f4174d52a3199e4a260c02d2943c.jpg
maimai,LANCE,Ras,,,,,,5,7+,10,13,,https://maimai.sega.jp/storage/DX_jacket/9a245c518be6e75b78755a722ac79d59.jpg
POPSアニメ,SAVIOR OF SONG,ナノ feat.MY FIRST STORY,,,,,,4,7,9+,13,,https://maimai.sega.jp/storage/DX_jacket/5f86cc3cd4711e0eccae67f7dbc773b9.jpg
東方Project,橙の幻想郷音頭,発熱巫女～ず,,,,,,4,6,10,12+,,https://maimai.sega.jp/storage/DX_jacket/2389f22961483759e1e2a2e11e6909d0.jpg
東方Project,東方妖々夢 ～the maximum moving about～,石鹸屋,,,,,,5,7,8+,12+,,https://maimai.sega.jp/storage/DX_jacket/6550078331e11266949a183c3f6e2779.jpg
東方Project,蒼空に舞え、墨染の桜,Silver Forest,,,,,,4,6,10,12+,,https://maimai.sega.jp/storage/DX_jacket/35188050b44c498799398dcbee39d38f.jpg
東方Project,少女幻葬戦慄曲 ～ Necro Fantasia,どぶウサギ,,,,,,5,7,9+,13,,https://maimai.sega.jp/storage/DX_jacket/7bef68f813e8096a5b1e11e2dd46208f.jpg
maimai,Contrapasso -paradiso-,t+pazolite,,,,,,6,8+,12,14,,https://maimai.sega.jp/storage/DX_jacket/ca62bf4723d1f4bc7ff1e362253d539c.jpg
niconicoボーカロイド,幸せになれる隠しコマンドがあるらしい,うたたP,,,,,,5,8,12,14,,https://maimai.sega.jp/storage/DX_jacket/b0b495a8d46c197580e4577740e9f31d.jpg
東方Project,フラグメンツ -T.V. maimai edit-,発熱巫女～ず,,,,,,4,5,8+,12,,https://maimai.sega.jp/storage/DX_jacket/04e54e267729d61e64e500d4194ca438.jpg
東方Project,願いを呼ぶ季節,舞風-MAIKAZE/時音-TOKINE,,,,,,4,6,9,12,,https://maimai.sega.jp/storage/DX_jacket/31a80bda1bd4e36fb513bbbed72e0864.jpg
niconicoボーカロイド,おじゃま虫,DECO*27,,,,,,3,6,8+,11,,https://maimai.sega.jp/storage/DX_jacket/8f25fedc3ecea3e822f89def76469e15.jpg
東方Project,Yet Another ”drizzly rain”,myu314 feat.あまね(COOL&CREATE),,,,,,4,6,9,12,,https://maimai.sega.jp/storage/DX_jacket/f02c2d656af037b81117ff3df169044c.jpg
東方Project,四次元跳躍機関,koutaq,,,,,,4,6,9+,12+,,https://maimai.sega.jp/storage/DX_jacket/fddb02fff71c3d8ab94bf22b5111947f.jpg
東方Project,最終鬼畜妹・一部声,ビートまりお,,,,,,5,7,11,13+,,https://maimai.sega.jp/storage/DX_jacket/cc0dfcdd879f4fbb71d957ead4da33d8.jpg
niconicoボーカロイド,はじめまして地球人さん,ピノキオピー,,,,,,4,6,9,12,,https://maimai.sega.jp/storage/DX_jacket/bf0f33bbf21cadd1d79e2bd40ed60c16.jpg
maimai,GEMINI -M-,Tatsh,,,,,,6,7,10+,13+,,https://maimai.sega.jp/storage/DX_jacket/adeaa4bac282a235bb31239a5236a155.jpg
niconicoボーカロイド,+♂,ギガ/れをる　ダンス　アルスマグナ,,,,,,5,7,9,12+,,https://maimai.sega.jp/storage/DX_jacket/356d5ac01d51286e6f52300e8a9c2e80.jpg
niconicoボーカロイド,ありふれたせかいせいふく,ピノキオピー,,,,,,4,6,8+,13,,https://maimai.sega.jp/storage/DX_jacket/ac2d5255405810eca966a0fa092943db.jpg
niconicoボーカロイド,すろぉもぉしょん,ピノキオピー,,,,,,4,6,8+,12,,https://maimai.sega.jp/storage/DX_jacket/da5d923fd54457e42c44bbce58e7d5a5.jpg
niconicoボーカロイド,絵の上手かった友達,ピノキオピー,,,,,,3,6,8+,12,,https://maimai.sega.jp/storage/DX_jacket/07c4951db2a25b49de066e92314d3606.jpg
niconicoボーカロイド,頓珍漢の宴,ピノキオピー,,,,,,5,7+,10,13,,https://maimai.sega.jp/storage/DX_jacket/7e4cbf7bfbf24147b38303b428879428.jpg
ゲームバラエティ,Garden Of The Dragon,Kai「Wonderland Wars」,,,,,,3,6,10+,12+,,https://maimai.sega.jp/storage/DX_jacket/1de7c3d3a2557ef5e1096390c5896483.jpg
ゲームバラエティ,After Burner,東京アクティブNEETs,,,,,,5,7+,10+,13,,https://maimai.sega.jp/storage/DX_jacket/e6232f6ef2bd017e444754eb8e3d5b0f.jpg
オンゲキCHUNITHM,Counselor,DECO*27 feat.echo,,,,,,4,7,9+,11+,,https://maimai.sega.jp/storage/DX_jacket/fa0d0d3f9f5f6093fd62c07d539d8777.jpg
maimai,Glorious Crown,xi,,,,,,6,9+,12+,14+,,https://maimai.sega.jp/storage/DX_jacket/83ef4a2323fabb8455f859fd7b8440df.jpg
maimai,言ノ葉遊戯,S!N・高橋菜々×ひとしずく・やま△,,,,,,4,7,9+,12,,https://maimai.sega.jp/storage/DX_jacket/d070a70ae9e129207c6fd0db7bf707cd.jpg
maimai,りばーぶ,高橋菜々×岡部啓一(MONACA),,,,,,3,6,8+,10+,,https://maimai.sega.jp/storage/DX_jacket/13f1eaaa1b3616c6bbd72d82cb06e36b.jpg
オンゲキCHUNITHM,幾四音-Ixion-,M.S.S Project,,,,,,5,7+,9+,13,,https://maimai.sega.jp/storage/DX_jacket/439bbb47b0f186522506d0979b023262.jpg
オンゲキCHUNITHM,閃鋼のブリューナク,sasakure.UK,,,,,,6,8,10+,13+,,https://maimai.sega.jp/storage/DX_jacket/40cffee888f1236a54e385311dc6eb16.jpg
オンゲキCHUNITHM,無敵We are one!!,イロドリミドリ「CHUNITHM」,,,,,,5,7+,9,13,,https://maimai.sega.jp/storage/DX_jacket/5b98721738055b3eb5ac8660ff50aa4a.jpg
maimai,7thSense,削除,,,,,,6,8,10+,14,,https://maimai.sega.jp/storage/DX_jacket/401919489d18bc6be9f332b434bcb1fa.jpg
maimai,Revive The Rave,void(Mournfinale),,,,,,6,8,11+,13,,https://maimai.sega.jp/storage/DX_jacket/f00bcec9734e62f05dacd1c2c0f41773.jpg
maimai,スリップフリップ,tilt-six feat.串伊トモミ,,,,,,4,7,9+,13+,,https://maimai.sega.jp/storage/DX_jacket/ccfd8cb0b6f8ba738347147ffa11486c.jpg
東方Project,Jimang Shot,じまんぐ,,,,,,4,6,9,12+,,https://maimai.sega.jp/storage/DX_jacket/1f982638019ccb5132c91a58c736eab6.jpg
東方Project,儚きもの人間,豚乙女,,,,,,5,7+,9+,13+,,https://maimai.sega.jp/storage/DX_jacket/c5cfa9b4de9a274c981b48f4ef5143d5.jpg
POPSアニメ,ラブリー☆えんじぇる!!,あべにゅうぷろじぇくと feat.佐倉紗織&井上みゆ「パチスロ快盗天使ツインエンジェル」,,,,,,4,6,9,12,,https://maimai.sega.jp/storage/DX_jacket/f0a98773ffe98650de4a9aa0048a8cb3.jpg
ゲームバラエティ,オモイヨシノ,loos feat. 柊莉杏,,,,,,4,7,9+,12+,,https://maimai.sega.jp/storage/DX_jacket/8dccb5b0bab962e8f858719c4e0fad03.jpg
POPSアニメ,かくしん的☆めたまるふぉ～ぜっ！,土間うまる [CV.田中あいみ]「干物妹！うまるちゃん」,4,6,9,12,,4,6,8+,11+,12+,https://maimai.sega.jp/storage/DX_jacket/620b572bff8e77b98a762720893ec8fb.jpg
POPSアニメ,極上スマイル,"Wake Up, Girls！",,,,,,4,6,7+,10+,,https://maimai.sega.jp/storage/DX_jacket/deeaac1be4707d7eebfff14d98c841d0.jpg
niconicoボーカロイド,厨病激発ボーイ,れるりり,,,,,,5,7,9+,13,,https://maimai.sega.jp/storage/DX_jacket/70b8642d657734d0ab900e5825bf17c5.jpg
POPSアニメ,HIMITSUスパーク,カラスは真っ白,,,,,,4,6,9,12+,,https://maimai.sega.jp/storage/DX_jacket/44e33193c23722c34db79915e8c0b87b.jpg
ゲームバラエティ,Party 4U ”holy nite mix”,Cranky,,,,,,5,7,10+,13+,,https://maimai.sega.jp/storage/DX_jacket/4e7762873e7c6dcfcec9c114f5b74a03.jpg
東方Project,囲い無き世は一期の月影,豚乙女,,,,,,5,7,9+,11+,,https://maimai.sega.jp/storage/DX_jacket/e30a69d9511b04ad598d0b46d13dae35.jpg
maimai,Lividi,Feryquitous,,,,,,5,8+,12+,14,,https://maimai.sega.jp/storage/DX_jacket/7a3955843802013d017968bc4c9d076a.jpg
オンゲキCHUNITHM,Infantoon Fantasy,t+pazolite,,,,,,5,7+,9+,13,,https://maimai.sega.jp/storage/DX_jacket/c0cac97342140398b6d8b6dd51ad075b.jpg
maimai,Jumble Rumble,INNOCENT NOIZE,,,,,,5,8,11+,13+,,https://maimai.sega.jp/storage/DX_jacket/0f061939cf1b3d5b6cae21b30458b21e.jpg
maimai,Imitation:Loud Lounge,Ino(chronoize),,,,,,5,7,11+,12+,,https://maimai.sega.jp/storage/DX_jacket/06ced568c6bfb817dfdd1091b6258991.jpg
maimai,CITRUS MONSTER,D-Cee,,,,,,6,8,11+,14,,https://maimai.sega.jp/storage/DX_jacket/9198c761e88b823902c489fca3e1cf68.jpg
maimai,Hyper Active,HiTECH NINJA,,,,,,6,8,12+,13+,,https://maimai.sega.jp/storage/DX_jacket/b84881eec16175e77c1a7c38e254e749.jpg
maimai,AMAZING MIGHTYYYY!!!!,WAiKURO,,,,,,6,9,13,14+,14,https://maimai.sega.jp/storage/DX_jacket/ac167ede18bfe549af4a5adecdeb3e14.jpg
POPSアニメ,fake!fake!,カラスは真っ白,,,,,,4,7,9,12,,https://maimai.sega.jp/storage/DX_jacket/c3d7fea09fe6d4601479dcc044bb21e8.jpg
POPSアニメ,夏祭り,Jitterin' Jinn [covered by ろん],,,,,,4,6,7,11,,https://maimai.sega.jp/storage/DX_jacket/605a3066792cd62eebd892c1bb48ef1d.jpg
POPSアニメ,シュガーソングとビターステップ,UNISON SQUARE GARDEN,4,7,9,11+,,5,7,9,12+,,https://maimai.sega.jp/storage/DX_jacket/1785259813bbea67fe9a88759e84c8bc.jpg
POPSアニメ,セハガガガンバッちゃう！！,Hi☆sCoool! セハガール,,,,,,5,7,10,12+,,https://maimai.sega.jp/storage/DX_jacket/acfd7f26ce8dbdae5d787e415e9e3fe4.jpg
niconicoボーカロイド,キミノヨゾラ哨戒班,Orangestar,,,,,,4,7,9+,12,,https://maimai.sega.jp/storage/DX_jacket/64debe6d20e9287057ffc7815fb148ab.jpg
niconicoボーカロイド,恋愛裁判,40mP,,,,,,4,6,9,11,,https://maimai.sega.jp/storage/DX_jacket/34a46d14b0b031744d4c2a8f6e0c7572.jpg
niconicoボーカロイド,Just Be Friends,Dixie Flatline,,,,,,4,7,9+,12,,https://maimai.sega.jp/storage/DX_jacket/bc9041ee398fafdfcf7f828d940ef5c7.jpg
niconicoボーカロイド,ヒビカセ,GigaReol,,,,,,4,7,10,12,,https://maimai.sega.jp/storage/DX_jacket/6ec8aa770fd396a90db4d0d2ddeeaff7.jpg
niconicoボーカロイド,パーフェクト生命,ナユタン星人,,,,,,5,7,9,12+,,https://maimai.sega.jp/storage/DX_jacket/dbb3d1048c4f8254ca4ae7f2e73eeea1.jpg
niconicoボーカロイド,StargazeR,骨盤P,,,,,,4,6,9+,11+,,https://maimai.sega.jp/storage/DX_jacket/dbd9fc4e50636c3c34227f10b2c46a3f.jpg
niconicoボーカロイド,だんだん早くなる,40mP,,,,,,4,7,9,11,12,https://maimai.sega.jp/storage/DX_jacket/53f45f5e8cc067c95dc9bc59c59776bd.jpg
niconicoボーカロイド,ヘルシーエンド,椎名もた (ぽわぽわP),,,,,,4,7,10,12,,https://maimai.sega.jp/storage/DX_jacket/a74eade86367dbd055f7f3308a71ee77.jpg
niconicoボーカロイド,クノイチでも恋がしたい,みきとP,,,,,,5,7,10,12+,,https://maimai.sega.jp/storage/DX_jacket/338414d1d23cf7e72e05ac549d07d6f7.jpg
niconicoボーカロイド,ココロ,トラボルタ,,,,,,4,6,8+,11+,,https://maimai.sega.jp/storage/DX_jacket/9f9a484766a84d1fe7f4fbdca46100f1.jpg
niconicoボーカロイド,東京リアルワールド,out of service,,,,,,4,6,8,10,,https://maimai.sega.jp/storage/DX_jacket/530f2d5a8203604904ea4b32cc880ae5.jpg
niconicoボーカロイド,やめろ！聴くな！,SLAVE.V-V-R,,,,,,4,7,9,12+,,https://maimai.sega.jp/storage/DX_jacket/7646422c2a79c356913a3d0d386ca5c6.jpg
niconicoボーカロイド,ゆっくりしていってね！！！,今日犬,,,,,,4,7,10+,13,,https://maimai.sega.jp/storage/DX_jacket/3e2fb58bd41497c169675721014819f4.jpg
niconicoボーカロイド,木彫り鯰と右肩ゾンビ,hanzo/赤飯歌唱Ver,,,,,,5,7,9+,12+,,https://maimai.sega.jp/storage/DX_jacket/473b0a2304d031a767ba0be28da0c3f7.jpg
niconicoボーカロイド,ECHO,CIRCRUSH,,,,,,4,6,10,13,,https://maimai.sega.jp/storage/DX_jacket/9c8912fb0087809510df00ef9c1b22af.jpg
niconicoボーカロイド,Mr. Wonderland,sasakure.UK,,,,,,5,6,9,13,,https://maimai.sega.jp/storage/DX_jacket/da748c32fdcf4e95fb849cf21eaf74f6.jpg
niconicoボーカロイド,しんでしまうとはなさけない！,ワンダフル☆オポチュニティ！,,,,,,5,7,9,12,,https://maimai.sega.jp/storage/DX_jacket/159acce6023113b9c8e1ac2ea9638306.jpg
niconicoボーカロイド,Hand in Hand,livetune,,,,,,4,6,9,12,,https://maimai.sega.jp/storage/DX_jacket/c7b5fffa742096cf469e35341cc10373.jpg
niconicoボーカロイド,ブリキノダンス,日向電工,,,,,,5,7,9+,11+,12+,https://maimai.sega.jp/storage/DX_jacket/abd01e600f481e9231a68d05e14fdf76.jpg
オンゲキCHUNITHM,brilliant better,御形 アリシアナ(CV:福原 綾香),,,,,,5,6,10+,12+,,https://maimai.sega.jp/storage/DX_jacket/8af674255c006c478522a76ccae57160.jpg
オンゲキCHUNITHM,ハート・ビート,明坂 芹菜(CV:新田 恵海),,,,,,5,7,9+,12+,,https://maimai.sega.jp/storage/DX_jacket/7ca8bcb54c8ef6ce21c431f3696e7fb9.jpg
オンゲキCHUNITHM,Invitation,れるりり feat.ろん,,,,,,4,6,8+,12,,https://maimai.sega.jp/storage/DX_jacket/a11f2f6619b6cd0a1b353d5b42733570.jpg
maimai,connecting with you,Takahiro Eguchi feat. 三澤秋,,,,,,4,7,9+,12+,,https://maimai.sega.jp/storage/DX_jacket/e296d649dd026cf573e76bc5616f634f.jpg
maimai,高気圧ねこロック,小野隊長とJimmy親分,,,,,,5,8,10+,13,,https://maimai.sega.jp/storage/DX_jacket/a8a2152ebaa13f385d53ae1efdfd979f.jpg
maimai,Prophesy One,vox2（小野秀幸）,,,,,,6,8,11,14,,https://maimai.sega.jp/storage/DX_jacket/c1ccc32c4963bf0887633bc419537e92.jpg
maimai,洗脳,ゆりん・柿チョコ×Neru,,,,,,4,6,9+,11+,12,https://maimai.sega.jp/storage/DX_jacket/9d655a4d06b81ffcccc5065bf751581c.jpg
maimai,Barbed Eye,柿チョコ×みきとP,,,,,,4,6,9+,12,,https://maimai.sega.jp/storage/DX_jacket/8c66eae4140ee689eb85138ecdd3c336.jpg
maimai,Nitrous Fury,Jun Senoue,,,,,,6,7+,11,13+,,https://maimai.sega.jp/storage/DX_jacket/fd56c4ae849791c1cba62814085f6a4b.jpg
東方Project,色は匂へど散りぬるを,幽閉サテライト,,,,,,3,6,8+,11+,,https://maimai.sega.jp/storage/DX_jacket/620ac741405e27ae749a1fed4af79c15.jpg
東方Project,月に叢雲華に風,幽閉サテライト,2,6,9,12,,4,6,9,12+,,https://maimai.sega.jp/storage/DX_jacket/7f9a636e06ff1ac5d7e24954125e354f.jpg
東方Project,No Routine,A-One,,,,,,5,6,10,12+,,https://maimai.sega.jp/storage/DX_jacket/d8bbf6d71515213d0d90789ad2044118.jpg
東方Project,ひれ伏せ愚民どもっ！,ARM＋夕野ヨシミ (IOSYS) feat.miko,,,,,,4,7,9+,12+,,https://maimai.sega.jp/storage/DX_jacket/fc5d08aec7a2e32a73e1afb2689a77c7.jpg
東方Project,エテルニタス・ルドロジー,IRON ATTACK!,,,,,,4,6,10,13,,https://maimai.sega.jp/storage/DX_jacket/1d06229799b020e57fb47074a58e6d72.jpg
東方Project,泡沫、哀のまほろば,幽閉サテライト,,,,,,4,6,9,11+,,https://maimai.sega.jp/storage/DX_jacket/d2dfcda3fdc7233ad7ca3a648eb73c0f.jpg
東方Project,華鳥風月,幽閉サテライト,,,,,,3,5,8+,12,,https://maimai.sega.jp/storage/DX_jacket/a0dc0ca732d8e123324a3a47ec78c09e.jpg
ゲームバラエティ,METATRON,SHIKI,,,,,,6,8,11+,13+,,https://maimai.sega.jp/storage/DX_jacket/2613719f9ca7b06794b5924eba15306d.jpg
ゲームバラエティ,終わりなき物語,クーナ(CV 喜多村英梨)「PHANTASY STAR ONLINE 2」,,,,,,4,6,9+,12,,https://maimai.sega.jp/storage/DX_jacket/859ed8ad97d086f8be8e13104ae090da.jpg
オンゲキCHUNITHM,フォルテシモBELL,天王洲 なずな(CV:山本 彩乃),,,,,,3,6,8,11+,,https://maimai.sega.jp/storage/DX_jacket/2e763eada49f09d1b954ed17cf777198.jpg
オンゲキCHUNITHM,私の中の幻想的世界観及びその顕現を想起させたある現実での出来事に関する一考察,小仏 凪(CV:佐倉 薫),,,,,,5,6,8+,12+,,https://maimai.sega.jp/storage/DX_jacket/8c6b8d0cc17620b1737b0e283a2406e5.jpg
オンゲキCHUNITHM,DETARAME ROCK&ROLL THEORY,箱部 なる(CV:M・A・O),,,,,,4,7,10,13,,https://maimai.sega.jp/storage/DX_jacket/e0c8ccdc3d02ce7156e3594a65c7dd3d.jpg
POPSアニメ,ファッとして桃源郷,新庄かなえ(CV:三森すずこ)「てーきゅう」,,,,,,4,6,9,12+,,https://maimai.sega.jp/storage/DX_jacket/83c281c85b794d675d94e90678b8e981.jpg
niconicoボーカロイド,ゴーストルール,DECO*27,,,,,,5,7+,9+,12,,https://maimai.sega.jp/storage/DX_jacket/996fc19da572c8c24ef8b036686e1aa7.jpg
niconicoボーカロイド,チュルリラ・チュルリラ・ダッダッダ！,和田たけあき(くらげP),,,,,,5,7,10,13,,https://maimai.sega.jp/storage/DX_jacket/53c20aacf859974dc9424081e138ff40.jpg
ゲームバラエティ,GOODMEN,EBIMAYO,,,,,,5,7,10,13,,https://maimai.sega.jp/storage/DX_jacket/4b72550afaf91fdaa940c8e49af81efa.jpg
ゲームバラエティ,夜明けまであと３秒,BNSI（Taku Inoue）「シンクロニカ」より,,,,,,6,8,12,13+,,https://maimai.sega.jp/storage/DX_jacket/44e7ef8de620954e14e57454fc551fae.jpg
ゲームバラエティ,Last Brave ～ Go to zero,MECHANiCAL PANDA「BORDER BREAK」,,,,,,4,7,10+,13,,https://maimai.sega.jp/storage/DX_jacket/a5cf1647365b3d2acf83d685e25c0970.jpg
ゲームバラエティ,STAIRWAY TO GENERATION,Yosh(Survive Said The Prophet),,,,,,5,7,10,12+,,https://maimai.sega.jp/storage/DX_jacket/cd49e637c6ea769fcfdc04a3fee0af2d.jpg
maimai,空威張りビヘイビア,un:c・ろん×じーざすP,,,,,,4,7,9+,13,,https://maimai.sega.jp/storage/DX_jacket/8888f2f334b064546725b755547bcf3d.jpg
POPSアニメ,回レ！雪月花,歌組雪月花 夜々(原田ひとみ)/いろり(茅野愛衣)/小紫(小倉唯)「機巧少女は傷つかない」,3,7,10,12,,4,7,9+,13,,https://maimai.sega.jp/storage/DX_jacket/d332a329a187fdb0f89ad4e1d62c162d.jpg
maimai,いっしそう電☆舞舞神拳！,さつき が てんこもり feat. YURiCa/花たん,,,,,,5,7+,10,13,,https://maimai.sega.jp/storage/DX_jacket/efe2b873d2a09d9a5917b414c237d246.jpg
maimai,ENJOY POLIS,LOPIT,,,,,,5,7,9+,12,,https://maimai.sega.jp/storage/DX_jacket/caad2860f894515789f1894c66706f58.jpg
niconicoボーカロイド,生きてるおばけは生きている,鬱P feat.flower,,,,,,4,6,10,12+,,https://maimai.sega.jp/storage/DX_jacket/a2b46b6572a1fe947f5261221676334a.jpg
maimai,天火明命,削除,,,,,,5,8+,12+,13+,,https://maimai.sega.jp/storage/DX_jacket/e414ea95e24af70c2a8e03f761d1ce69.jpg
maimai,HERA,ルゼ,,,,,,6,8,11+,14,,https://maimai.sega.jp/storage/DX_jacket/e0b22c2d8882a2b08416828f3db7c6fd.jpg
maimai,分からない,ろん×黒魔,,,,,,4,7+,10+,13+,,https://maimai.sega.jp/storage/DX_jacket/ca126accc653b8fc6c8d28cb4f2bfe9a.jpg
maimai,Our Wrenally,t+pazolite,,,,,,6,9,12,14+,,https://maimai.sega.jp/storage/DX_jacket/36a92d2eeb135f1f29686d01de8dd83e.jpg
東方Project,Scream out! -maimai SONIC WASHER Edit-,A-One,4,8,11,13,,5,7+,12,13+,,https://maimai.sega.jp/storage/DX_jacket/389544c1b3d3200585bc2a6e4d907665.jpg
maimai,四月の雨,cubesato,,,,,,4,7+,11,13+,,https://maimai.sega.jp/storage/DX_jacket/36d706b4ff0a483d17b702b7d5007675.jpg
maimai,Selector,Aliesrite* (Ym1024 feat. lamie*),,,,,,5,7,10+,13+,,https://maimai.sega.jp/storage/DX_jacket/50e90274e807b706c5e0e3d3ec37c516.jpg
オンゲキCHUNITHM,ドキドキDREAM!!!,イロドリミドリ「CHUNITHM」,,,,,,5,7+,10+,12+,,https://maimai.sega.jp/storage/DX_jacket/5b0b89ca283a39d8b535b2789e64c1c6.jpg
POPSアニメ,ポップミュージックは僕のもの,ONIGAWARA,,,,,,4,6,8+,11+,,https://maimai.sega.jp/storage/DX_jacket/a7af052a51968b0005d1ad10b373f26d.jpg
niconicoボーカロイド,吉原ラメント,亜沙,,,,,,5,7+,10+,13+,,https://maimai.sega.jp/storage/DX_jacket/3d8f4cbb219409cd5d48e7b22356d796.jpg
maimai,ねぇ、壊れタ人形ハ何処へ棄テらレるノ？,cosMo＠暴走P,,,,,,6,8,12,14,,https://maimai.sega.jp/storage/DX_jacket/fa2d468367ed38e6a94c3a7a4191b6aa.jpg
東方Project,幽闇に目醒めしは,セブンスヘブンMAXION,,,,,,3,6,9+,12+,,https://maimai.sega.jp/storage/DX_jacket/f4946a93c63674a2c3f413661dab071b.jpg
東方Project,Starlight Vision,矢鴇つかさ feat. 三澤秋,,,,,,4,7,10,12,,https://maimai.sega.jp/storage/DX_jacket/086060f23dcff578a49e0369c3cedb3d.jpg
東方Project,Club Ibuki in Break All,void＋夕野ヨシミ (IOSYS) feat.藤原鞠菜,,,,,,5,7,10,12+,,https://maimai.sega.jp/storage/DX_jacket/679e3900f2fb2f3cc4bbad70b8a1a742.jpg
東方Project,Phantasm Brigade,Silver Forest,,,,,,5,7,10,12+,,https://maimai.sega.jp/storage/DX_jacket/5392c2195b5780834801760abc139ed3.jpg
東方Project,永遠のメロディ,あ～るの～と（いえろ～ぜぶら）,,,,,,4,6,9,11+,,https://maimai.sega.jp/storage/DX_jacket/21b954cbdd34df43a6f734a5d8473fd2.jpg
niconicoボーカロイド,白ゆき,n-buna,,,,,,5,7,10+,12+,,https://maimai.sega.jp/storage/DX_jacket/19c4f9743e40b418f0a248ba069379e8.jpg
maimai,Panopticon,cybermiso,,,,,,5,8+,11+,14,14,https://maimai.sega.jp/storage/DX_jacket/2bfb80a27acd7c440c6e52ec63179590.jpg
ゲームバラエティ,Sakura Fubuki,Street,,,,,,4,7,11,13+,,https://maimai.sega.jp/storage/DX_jacket/c3a51a66e190faa326d413a77366f087.jpg
ゲームバラエティ,conflict,siromaru + cranky,4,8,11,13,,5,7,12,14,,https://maimai.sega.jp/storage/DX_jacket/2e15203472c43654cb47b46f16686ce4.jpg
niconicoボーカロイド,すーぱーぬこになりたい,まふまふ,,,,,,4,7,9+,13,,https://maimai.sega.jp/storage/DX_jacket/452b5000c1659abe11f52abc20065858.jpg
niconicoボーカロイド,踊れオーケストラ,YASUHIRO(康寛),,,,,,5,6,8+,11,,https://maimai.sega.jp/storage/DX_jacket/83bc803e07d625ba44261c178625208a.jpg
POPSアニメ,きらっせ☆ウッド村ファーム,uno(IOSYS) feat.miko,,,,,,5,7,9,12,,https://maimai.sega.jp/storage/DX_jacket/188adf701c753c055bad848885aed938.jpg
東方Project,taboo tears you up,REDALiCE (HARDCORE TANO*C),,,,,,5,7,10,12+,,https://maimai.sega.jp/storage/DX_jacket/6dc24f0096fb742d186ffb19a56977a0.jpg
オンゲキCHUNITHM,その群青が愛しかったようだった,n-buna feat.ヤギヌマカナ,,,,,,5,7,10,12,,https://maimai.sega.jp/storage/DX_jacket/1c6141fa6cea4081635eca1cb4402314.jpg
オンゲキCHUNITHM,The wheel to the right,Sampling Masters MEGA,,,,,,6,8,12+,13+,,https://maimai.sega.jp/storage/DX_jacket/8355fdf696668a5e77061374cadb4653.jpg
niconicoボーカロイド,リンカーネイション,kemu,,,,,,5,7,10,12+,,https://maimai.sega.jp/storage/DX_jacket/150dcbeb2cdf4834e66cef13931894cd.jpg
東方Project,宿題が終わらないっ！,Innocent Keyと梨本悠里、JUNCA、小宮真央、樹詩音、大瀬良あい,,,,,,4,6,9,12,,https://maimai.sega.jp/storage/DX_jacket/6bb08ebc505c8e40dbadc82a168f045b.jpg
ゲームバラエティ,GO BACK 2 YOUR RAVE,nora2r,,,,,,5,7+,11,13+,,https://maimai.sega.jp/storage/DX_jacket/41dc62ec600c5161a7b2ffd20dfc4c2d.jpg
maimai,天国と地獄 -言ノ葉リンネ-,伊東歌詞太郎・ろん×れるりり,,,,,,4,6,10+,12+,,https://maimai.sega.jp/storage/DX_jacket/84432194fbed496a3e8f63b4bbac4d92.jpg
maimai,夢花火,豚乙女,,,,,,5,7+,10,13,,https://maimai.sega.jp/storage/DX_jacket/6ec86b7b0830926dc21c28468754344e.jpg
maimai,オトヒメモリー☆ウタゲーション,Junky,,,,,,4,7,10,12,,https://maimai.sega.jp/storage/DX_jacket/50397225cae41f8a0e33dbdd044073f7.jpg
niconicoボーカロイド,ラブチーノ,Junky,,,,,,4,6,8+,11,,https://maimai.sega.jp/storage/DX_jacket/c4e0bf28135f504ffe1633c3d784517a.jpg
niconicoボーカロイド,東京レトロ,すこっぷ,,,,,,4,6,8+,10+,,https://maimai.sega.jp/storage/DX_jacket/a79ffc46da04343de80a7765981a73e7.jpg
niconicoボーカロイド,ARROW,niki,,,,,,4,6,11,12+,,https://maimai.sega.jp/storage/DX_jacket/61b89bc87cc102039da5b4637b988bfc.jpg
niconicoボーカロイド,バッド・ダンス・ホール,ぱなまん/カラスヤサボウ,,,,,,4,6,10,12+,,https://maimai.sega.jp/storage/DX_jacket/bff6426c2a77b2f7b69fa114e80815be.jpg
ゲームバラエティ,KISS CANDY FLAVOR,カラフル・サウンズ・ポート,,,,,,4,7,10,13,,https://maimai.sega.jp/storage/DX_jacket/82b79551eb4a50e45fe4222063c7da6d.jpg
ゲームバラエティ,Maxi,Nizikawa,,,,,,5,8,11+,13+,,https://maimai.sega.jp/storage/DX_jacket/73a2c6e998403e10843918a11b82f3f7.jpg
maimai,相思創愛,伊東歌詞太郎・ろん×まらしぃ,,,,,,5,7+,10,13,,https://maimai.sega.jp/storage/DX_jacket/76420b9b302ba8779d92ea266eca0fcf.jpg
オンゲキCHUNITHM,心象蜃気楼,Orangestar,,,,,,5,7,10,12+,,https://maimai.sega.jp/storage/DX_jacket/db77431323115352b37130ad27f62593.jpg
オンゲキCHUNITHM,光線チューニング,ナユタン星人,,,,,,5,7,10+,13,,https://maimai.sega.jp/storage/DX_jacket/ca5fd7dbc5f283ecaa32af736ffb20ba.jpg
maimai,Limit Break,DiGiTAL WiNG,,,,,,5,7,10,12+,,https://maimai.sega.jp/storage/DX_jacket/d81b17efe207eae68899fb5b7ea39839.jpg
maimai,曖昧mind,Halozy,,,,,,5,7+,10+,12+,,https://maimai.sega.jp/storage/DX_jacket/27d49975d7ca2754736f6e42e7ce2eab.jpg
maimai,KING is BACK!!,A-One,,,,,,5,8,10+,13+,,https://maimai.sega.jp/storage/DX_jacket/035095ab12670bb0e7fab3dcf9328fea.jpg
maimai,Ultranova,A4paper,,,,,,5,7+,11+,13+,,https://maimai.sega.jp/storage/DX_jacket/4bff644323a980785cb4f901bcc9b603.jpg
POPSアニメ,GET!! 夢&DREAM,加賀美 祥「学園ハンサム」,,,,,,4,7,8+,11+,,https://maimai.sega.jp/storage/DX_jacket/f9e0f99fde5f9d14bd9c5b6668ae7b51.jpg
POPSアニメ,日本の米は世界一,打首獄門同好会,,,,,,4,6,9+,12+,,https://maimai.sega.jp/storage/DX_jacket/08882296c99b8e8b65176dad2a1d95f4.jpg
niconicoボーカロイド,ないせんのうた,ナイセン - momoco-,,,,,,4,6,9+,11+,,https://maimai.sega.jp/storage/DX_jacket/31a37031f8d71d09c7f8cb4f30b295b4.jpg
東方Project,Starlight Dance Floor,発熱巫女～ず,,,,,,4,6,9,11+,,https://maimai.sega.jp/storage/DX_jacket/379bd5fd5efc54ff490a02f56d44cf74.jpg
東方Project,妖精村の月誕祭 ～Lunate Elf,どぶウサギ,,,,,,4,6,9,13,,https://maimai.sega.jp/storage/DX_jacket/2bfdc873f7ea178d5cda49b311a24ae1.jpg
東方Project,Calamity Fortune,LeaF,5,8,11,13,,6,8,11+,14,,https://maimai.sega.jp/storage/DX_jacket/f7ffb43c3150fc83f1c5d139d00f60cd.jpg
maimai,Justified,MintJam feat.光吉猛修,,,,,,4,8,11+,13+,,https://maimai.sega.jp/storage/DX_jacket/0a99253e2ab3c503755b14e7c659d871.jpg
maimai,Excalibur ～Revived resolution～,Project Grimoire,,,,,,6,9,12,14+,,https://maimai.sega.jp/storage/DX_jacket/ac38991db89fc3ba3febb555c6c086e0.jpg
niconicoボーカロイド,名探偵連続殺人事件,てにをは,,,,,,5,6,10,11+,,https://maimai.sega.jp/storage/DX_jacket/3f0689fa8c6014fbd274ae20987da30c.jpg
niconicoボーカロイド,エイリアンエイリアン,ナユタン星人,,,,,,4,7,9,12,,https://maimai.sega.jp/storage/DX_jacket/f69a954ae8cbdcf4041982b4f4c2aa43.jpg
オンゲキCHUNITHM,My Dearest Song,月鈴 白奈(CV:高野 麻里佳),,,,,,4,7,10+,12+,,https://maimai.sega.jp/storage/DX_jacket/0fc2289e862c42127f55317c993d90e6.jpg
オンゲキCHUNITHM,猛進ソリストライフ！,月鈴 那知(CV:今村 彩夏),,,,,,6,8+,11,13,,https://maimai.sega.jp/storage/DX_jacket/a9d17a6c1fbcb80ecfe852d3c58c9add.jpg
ゲームバラエティ,Let's Go Away,光吉猛修「デイトナ Championship USA」,,,,,,4,7,9+,12,,https://maimai.sega.jp/storage/DX_jacket/732a8665525f44613fcbe0330a627ea0.jpg
POPSアニメ,真・ハンサム体操でズンドコホイ,10Re;「学園ハンサム」,,,,,,5,6,9,12+,,https://maimai.sega.jp/storage/DX_jacket/11355d1844b88d1c340bb5ebcc15aa9f.jpg
niconicoボーカロイド,フラジール,ぬゆり,,,,,,4,7,8+,12,,https://maimai.sega.jp/storage/DX_jacket/cdf725a47e80eece2fd1e6bbf46913a8.jpg
東方Project,オーディエンスを沸かす程度の能力 feat.タイツォン,D.watt(IOSYS)＋らっぷびと,,,,,,4,7,9,13+,,https://maimai.sega.jp/storage/DX_jacket/c11fb43025b48a5dab6525370d14b9ee.jpg
ゲームバラエティ,人里に下ったアタイがいつの間にか社畜になっていた件,ねこみりん + nora2r feat. 小宮真央,,,,,,5,8,12+,13+,,https://maimai.sega.jp/storage/DX_jacket/311332b48c86149ad4e7511035d1b5ec.jpg
POPSアニメ,ギリギリ最強あいまいみー！,愛(C.V.大坪由佳) 麻衣(C.V.内田彩) ミイ(C.V.内田真礼)「あいまいみー」,,,,,,5,7,9+,13+,,https://maimai.sega.jp/storage/DX_jacket/3cc37aae5acde0199f564b13e9b240e7.jpg
niconicoボーカロイド,ちがう!!!,カルロス袴田(サイゼP),,,,,,5,7,9+,12+,,https://maimai.sega.jp/storage/DX_jacket/bfcd79f6a860018bfbbdc453faa2bde6.jpg
maimai,Moon of Noon,Sampling Masters MEGA,,,,,,6,8,12,14,,https://maimai.sega.jp/storage/DX_jacket/9bfa07ee35fab4513ae229b6ed4bee94.jpg
東方Project,チルノのパーフェクトさんすう教室　⑨周年バージョン,IOSYSと愉快な⑨周年フレンズ,4,7,9,12+,,5,7,9+,13,,https://maimai.sega.jp/storage/DX_jacket/9e4ce8b5378c81f18bbb2b2b32833011.jpg
maimai,デスパレイト,owl＊tree,,,,,,5,7+,10+,13,,https://maimai.sega.jp/storage/DX_jacket/c6b409556af94c516a1a140131a3637d.jpg
POPSアニメ,ようこそジャパリパークへ,どうぶつビスケッツ×PPP「けものフレンズ」,4,7,9,11+,,4,6,8+,12,12,https://maimai.sega.jp/storage/DX_jacket/7a87dc435a46d5d5be1febe25c4098e4.jpg
POPSアニメ,あ・え・い・う・え・お・あお!!,劇団ひととせ「ひなこのーと」,,,,,,5,7+,9+,12,,https://maimai.sega.jp/storage/DX_jacket/153e25e7bdd499d7cbbe5b1e9fafecd4.jpg
niconicoボーカロイド,ドーナツホール,ハチ,,,,,,5,6,10+,13+,,https://maimai.sega.jp/storage/DX_jacket/574e4d92b73a9e0a5f2d7a5d9ec46cc3.jpg
ゲームバラエティ,MilK,モリモリあつし,,,,,,4,6,11,13+,,https://maimai.sega.jp/storage/DX_jacket/511639ec4cdb771c53fd420fa2e0a4a9.jpg
maimai,咲キ誇レ常世ノ華,Sou×マチゲリータ,,,,,,5,7,10+,13,,https://maimai.sega.jp/storage/DX_jacket/c34d36c9413b055d2a6730370bc5724f.jpg
maimai,Magical Flavor,DECO*27 feat.Tia,,,,,,4,7,9,12+,,https://maimai.sega.jp/storage/DX_jacket/a6604749f9d0753833a412ae40444ed1.jpg
niconicoボーカロイド,白い雪のプリンセスは,のぼる↑,,,,,,5,7,10+,12,,https://maimai.sega.jp/storage/DX_jacket/741e4603700970b4d34c6ae07c7a1ff9.jpg
niconicoボーカロイド,好き！雪！本気マジック,Mitchie M,,,,,,4,6,10,11+,,https://maimai.sega.jp/storage/DX_jacket/da091f11e99b146ba1b35ecf3b6d4088.jpg
niconicoボーカロイド,スターナイトスノウ,n-buna × Orangestar,,,,,,4,6,9,10+,,https://maimai.sega.jp/storage/DX_jacket/73ef11c87e18c65f2c943ce0a5dd5a12.jpg
POPSアニメ,This game,鈴木このみ「ノーゲーム・ノーライフ」,,,,,,4,6,10+,12+,,https://maimai.sega.jp/storage/DX_jacket/da7b99f7fd87ee2fa58ed5db6123f71f.jpg
POPSアニメ,Los! Los! Los!,ターニャ・デグレチャフ(CV.悠木碧)「幼女戦記」,,,,,,4,7,10,12,,https://maimai.sega.jp/storage/DX_jacket/c88529bbbcdf708a90f05b12378994c3.jpg
maimai,Candy Tall Woman,naotyu- feat. 佐々木恵梨,,,,,,5,7,10+,13,,https://maimai.sega.jp/storage/DX_jacket/8821a7e8a89543245e396d25228e42b7.jpg
maimai,Signature,Palme,,,,,,4,7+,11,13,,https://maimai.sega.jp/storage/DX_jacket/a46c04f595e89b974aedc7c28527ef5f.jpg
niconicoボーカロイド,人生リセットボタン,kemu,,,,,,5,7+,11,13,,https://maimai.sega.jp/storage/DX_jacket/f5165a6f192a8f924337568fb2684ce4.jpg
niconicoボーカロイド,しねばいいのに,どぶウサギ,,,,,,4,6,9,12,,https://maimai.sega.jp/storage/DX_jacket/ecce161bdd24fd1c632a372c4657c16e.jpg
東方Project,もうみんなしねばいいのに,谷屋楽,,,,,,5,7,11+,13+,,https://maimai.sega.jp/storage/DX_jacket/d11fbc3127fce99bf961985f67885b1f.jpg
niconicoボーカロイド,共感覚おばけ,ササノマリイ,,,,,,4,6,9+,12+,,https://maimai.sega.jp/storage/DX_jacket/66e3f358e9fc4800789def9c6b392927.jpg
ゲームバラエティ,麒麟,sasakure.UK,,,,,,6,8+,11+,14,,https://maimai.sega.jp/storage/DX_jacket/cfcc7b22baebf9ab2a89ea05026b0ade.jpg
ゲームバラエティ,Credits,Frums,,,,,,6,8,12,14,,https://maimai.sega.jp/storage/DX_jacket/8eb864bf0e890e92876bb8a69ccdd078.jpg
niconicoボーカロイド,アルカリレットウセイ,かいりきベア,,,,,,4,6,9+,11+,,https://maimai.sega.jp/storage/DX_jacket/25ed5dabd0e76964934e4bbad54a3306.jpg
niconicoボーカロイド,ドクハク,MARETU,,,,,,5,6,9,12+,,https://maimai.sega.jp/storage/DX_jacket/7e9ee0372d3be6668fa19964bf00b100.jpg
niconicoボーカロイド,キレキャリオン,ポリスピカデリー,,,,,,4,6,9,12+,,https://maimai.sega.jp/storage/DX_jacket/4ea6527b67abe22d13f2a33dad0cd3ec.jpg
オンゲキCHUNITHM,猫祭り,箱部 なる(CV:M・A・O),,,,,,4,7+,10+,12+,,https://maimai.sega.jp/storage/DX_jacket/eb702262b1ee17b13025510adffac054.jpg
オンゲキCHUNITHM,TRUST,小仏 凪(CV:佐倉 薫),,,,,,5,7,10,12,,https://maimai.sega.jp/storage/DX_jacket/2f54cdb44facabd8ad9fc816b18a3164.jpg
オンゲキCHUNITHM,Still,イロドリミドリ「CHUNITHM」,,,,,,4,6,10,13,,https://maimai.sega.jp/storage/DX_jacket/cce2ffdadba5a1795d497b690c967302.jpg
POPSアニメ,ガヴリールドロップキック,ガヴリール（富田美憂），ヴィーネ（大西沙織），サターニャ（大空直美），ラフィエル（花澤香菜）「ガヴリールドロップアウト」,,,,,,4,7,8+,12,,https://maimai.sega.jp/storage/DX_jacket/692dae72dbdc5c8e7bdefdac1c3ea354.jpg
POPSアニメ,fantastic dreamer,Machico「この素晴らしい世界に祝福を！」,,,,,,4,6,9,11+,,https://maimai.sega.jp/storage/DX_jacket/51bec9acfcf23a25868dfbfa2ee19d0e.jpg
東方Project,天狗の落とし文 feat. ｙｔｒ,魂音泉,,,,,,4,6,10+,12,,https://maimai.sega.jp/storage/DX_jacket/42678934f8f492c527107735911b0709.jpg
東方Project,疾走あんさんぶる,ビートまりお（COOL&CREATE）,,,,,,5,7+,10+,13,,https://maimai.sega.jp/storage/DX_jacket/fb4fe463d739ccc1c39afb3157051a16.jpg
東方Project,Doll Judgment,ぬるはち,,,,,,4,7+,11,13+,,https://maimai.sega.jp/storage/DX_jacket/3e787b1d33d45738384940d0ce89747c.jpg
東方Project,WARNING×WARNING×WARNING,暁Records,3,7,9+,11+,,4,7,9+,11+,,https://maimai.sega.jp/storage/DX_jacket/f87237719f7d47616a92cb5a8531b640.jpg
maimai,SPILL OVER COLORS,矢鴇つかさ feat. kalon.,,,,,,4,7+,10+,13,,https://maimai.sega.jp/storage/DX_jacket/bba8ee487a8be705c21db2ce093e3a86.jpg
maimai,Mare Maris,M2U,,,,,,5,8,11,13+,,https://maimai.sega.jp/storage/DX_jacket/26219fd03270e891bec0591c11a4a1ba.jpg
niconicoボーカロイド,シャルル,バルーン,3,6,9,11,,4,6,8+,12,,https://maimai.sega.jp/storage/DX_jacket/4fb15aa9a188021f6274da175a002a3f.jpg
niconicoボーカロイド,フリィダム ロリィタ,ねじ式,,,,,,4,6,9,11+,,https://maimai.sega.jp/storage/DX_jacket/409f63461d5a864c37c00e511542644e.jpg
niconicoボーカロイド,バレリーコ,みきとP,,,,,,4,6,9+,11+,,https://maimai.sega.jp/storage/DX_jacket/08d7365b5e25b53b0eec30b85c3c0836.jpg
niconicoボーカロイド,アウターサイエンス,じん,,,,,,5,7,11+,12+,,https://maimai.sega.jp/storage/DX_jacket/9592abfb5a5c62128a2b55ed6445aecf.jpg
POPSアニメ,REVIVER オルタンシア・サーガ -蒼の騎士団- オリジナルVer.,MY FIRST STORY,,,,,,5,7,9+,13,,https://maimai.sega.jp/storage/DX_jacket/b9601d52cd3508ea6ce89716efc87cf6.jpg
niconicoボーカロイド,拝啓ドッペルゲンガー,kemu,,,,,,5,7+,11,13,,https://maimai.sega.jp/storage/DX_jacket/3c88fa7525f68a5ed37d7a0c4baa1766.jpg
POPSアニメ,ミラクル・ショッピング,田中マイミ,,,,,,4,6,9+,12,,https://maimai.sega.jp/storage/DX_jacket/48095a30240e174e2ccaaf692ba73b58.jpg
maimai,Kinda Way,good-cool ft. Pete Klassen,,,,,,4,7+,10+,12,,https://maimai.sega.jp/storage/DX_jacket/dfd3f6a10184aeb403f18189b7764eb9.jpg
POPSアニメ,ラブって♡ジュエリー♪えんじぇる☆ブレイク！！,あべにゅうぷろじぇくと feat.天月めぐる＆如月すみれ「ツインエンジェルBREAK」,,,,,,4,7+,10+,12+,,https://maimai.sega.jp/storage/DX_jacket/d5d3f6a14eda60b20c8dd9ad7f59669d.jpg
オンゲキCHUNITHM,エンドマークに希望と涙を添えて,cosMo＠暴走P,,,,,,6,8+,11+,14,,https://maimai.sega.jp/storage/DX_jacket/18dc5c9e24802bab7bcbc0fb5c61fefe.jpg
niconicoボーカロイド,ナンセンス文学,Eve,,,,,,4,7,10+,13,,https://maimai.sega.jp/storage/DX_jacket/601208ee4ac069e4356e0707c8e8f25d.jpg
オンゲキCHUNITHM,Bang Babang Bang!!!,御形 アリシアナ(CV:福原 綾香),,,,,,5,7+,10,12+,,https://maimai.sega.jp/storage/DX_jacket/ca385647ddaba34f4faff615ac8fc88f.jpg
オンゲキCHUNITHM,Tic Tac DREAMIN’,天王洲 なずな(CV:山本 彩乃),,,,,,4,6,8,11,,https://maimai.sega.jp/storage/DX_jacket/a97dae30618e3628cd41c6238e3eda38.jpg
オンゲキCHUNITHM,SPICY SWINGY STYLE,明坂 芹菜(CV:新田 恵海),,,,,,5,7+,10+,13,,https://maimai.sega.jp/storage/DX_jacket/b18ee1d7f1fc9b4eac74a8dd1d882ebd.jpg
niconicoボーカロイド,砂の惑星 feat. HATSUNE MIKU,ハチ,,,,,,4,6,9+,12+,,https://maimai.sega.jp/storage/DX_jacket/dd31907314deb065c7b2533d1fa5d60d.jpg
niconicoボーカロイド,アンノウン・マザーグース,wowaka,,,,,,4,6,10,12+,,https://maimai.sega.jp/storage/DX_jacket/5849117cb6509e85868bd05b10ec428b.jpg
POPSアニメ,POP TEAM EPIC,上坂すみれ「ポプテピピック」,3,6,9,12+,,4,6,9,11,13+,https://maimai.sega.jp/storage/DX_jacket/e702843cccaa4ab744086cfa50ecc512.jpg
POPSアニメ,にめんせい☆ウラオモテライフ！,土間うまる（田中あいみ）「干物妹！うまるちゃんR」,,,,,,4,6,9,10+,11+,https://maimai.sega.jp/storage/DX_jacket/66eacc3d5f4f99e68a39a4f07ddb0882.jpg
POPSアニメ,うまるん体操,妹Ｓ「干物妹！うまるちゃんR」,,,,,,4,6,8+,10+,12,https://maimai.sega.jp/storage/DX_jacket/c256c28b4e9743a2a30561b4f34d9cb1.jpg
niconicoボーカロイド,妄想感傷代償連盟,DECO*27,,,,,,3,6,8+,10+,12+,https://maimai.sega.jp/storage/DX_jacket/19f28dd1c440aa8f3421c1dead45fb57.jpg
東方Project,LOVE EAST,暁Records,,,,,,4,6,9+,12,,https://maimai.sega.jp/storage/DX_jacket/cda9e49b607fb1b2a63f9cabde475110.jpg
ゲームバラエティ,Fist Bump,"大谷智哉, Douglas Robb from Hoobastank「ソニック フォース」",,,,,,5,7+,10,12,,https://maimai.sega.jp/storage/DX_jacket/0d7fc19f77c7ba0c1b07198eb8525eea.jpg
ゲームバラエティ,ENERGY SYNERGY MATRIX,Tanchiky,5,8,11,13,,5,7,11+,13+,,https://maimai.sega.jp/storage/DX_jacket/3e75939bacae78218c134164c37db45a.jpg
オンゲキCHUNITHM,Session High⤴,イロドリミドリ「CHUNITHM」,,,,,,5,6,9,12,,https://maimai.sega.jp/storage/DX_jacket/650b5069480d0826a6d538c2c2893f76.jpg
オンゲキCHUNITHM,World Vanquisher,void (Mournfinale),,,,,,6,8+,12,14,,https://maimai.sega.jp/storage/DX_jacket/eff7239a50c0a914cb523dd145d62364.jpg
maimai,FestivaLight,霜月はるか,,,,,,4,7,9,13,,https://maimai.sega.jp/storage/DX_jacket/a0db6a9f34c0071a44bfb2ed75c803b5.jpg
ゲームバラエティ,Brain Power,ノマ,,,,,,5,7+,10+,13,,https://maimai.sega.jp/storage/DX_jacket/27c5616b0ddff16841d30b1386233188.jpg
東方Project,進め！イッスン軍団 -Rebellion of the Dwarfs-,dawn-system,,,,,,5,7+,10,13,,https://maimai.sega.jp/storage/DX_jacket/3eb74972be2c87e44642dca5d8e1fefd.jpg
ゲームバラエティ,ULTRA B+K,nora2r,,,,,,5,7+,10+,13+,,https://maimai.sega.jp/storage/DX_jacket/80381293aafb2b4212c2e21fb3400848.jpg
niconicoボーカロイド,インビジブル,kemu,,,,,,5,7,10,11,13+,https://maimai.sega.jp/storage/DX_jacket/184783a6c6e6d38c1fa490efdbb7efba.jpg
niconicoボーカロイド,彗星ハネムーン,ナユタン星人,,,,,,4,6,9,11+,,https://maimai.sega.jp/storage/DX_jacket/431bc95a83b0bc0dcabe1a2f6b3742bf.jpg
POPSアニメ,アンチクロックワイズ,After the Rain（そらる×まふまふ）,,,,,,5,7,9,10+,12+,https://maimai.sega.jp/storage/DX_jacket/7bf25d8f22ce19afdcfb1df0776c9734.jpg
POPSアニメ,全力☆Summer!,angela「アホガール」,,,,,,4,6,9,10+,12,https://maimai.sega.jp/storage/DX_jacket/ee5c94949ac0c59c326a4cbd499d843d.jpg
maimai,keep hopping,kamome sano,,,,,,5,7+,11,13+,,https://maimai.sega.jp/storage/DX_jacket/e51c2e140bb3ce63d7eb0361cc4d49cd.jpg
maimai,larva,ガリガリさむし,,,,,,6,8,12,14+,,https://maimai.sega.jp/storage/DX_jacket/e300dcc2362df93e0a471cd9f837f15b.jpg
niconicoボーカロイド,えれくとりっく・えんじぇぅ,ヤスオ,,,,,,4,7,9,10+,,https://maimai.sega.jp/storage/DX_jacket/c52350cf3678fabfd4c31699a85e8754.jpg
niconicoボーカロイド,ミラクルペイント,OSTER project,,,,,,4,6,9+,12+,,https://maimai.sega.jp/storage/DX_jacket/6f08873f0db6bdea2e420ee3138f7f35.jpg
niconicoボーカロイド,Ievan Polkka,Otomania feat. 初音ミク,,,,,,3,6,11,13,,https://maimai.sega.jp/storage/DX_jacket/558b67b3fe9187002b95f1e9079b798f.jpg
niconicoボーカロイド,初音ミクの激唱,Storyteller,,,,,,6,8,11,14,,https://maimai.sega.jp/storage/DX_jacket/920b117b61693c2cb5f53b5d4e15d214.jpg
POPSアニメ,ガチャガチャきゅ～と・ふぃぎゅ@メイト,MOSAIC.WAV,,,,,,5,7,10,12+,,https://maimai.sega.jp/storage/DX_jacket/61490bb6812796172e44faba4d04976e.jpg
POPSアニメ,true my heart -Lovable mix-,ave;new feat.佐倉紗織,,,,,,4,6,9,11+,,https://maimai.sega.jp/storage/DX_jacket/8cac16cd528575c483db29c210c472b7.jpg
POPSアニメ,Rodeo Machine,HALFBY,,,,,,3,6,10,13,,https://maimai.sega.jp/storage/DX_jacket/ffb674c3ad55cc1fd5a68f223c726912.jpg
POPSアニメ,Arrival of Tears,彩音,,,,,,4,6,9+,12+,,https://maimai.sega.jp/storage/DX_jacket/67b0017bfadd4453864b3c8242c91f44.jpg
東方Project,CYBER Sparks,Tatsh,,,,,,5,7,10+,11+,13+,https://maimai.sega.jp/storage/DX_jacket/1524e99570ce2fff2ed70ff658fa1554.jpg
オンゲキCHUNITHM,Xevel,Tatsh,,,,,,6,8,12,14,,https://maimai.sega.jp/storage/DX_jacket/2600f68faced37c9500b84dc38c6f70a.jpg
東方Project,INFINITE WORLD,SOUND HOLIC feat. Nana Takahashi,,,,,,4,7,9+,11+,,https://maimai.sega.jp/storage/DX_jacket/a831a5fc589f52c381b8c50fee7c61a1.jpg
東方Project,サドマミホリック,ビートまりお（COOL&CREATE）,,,,,,5,7+,10,11+,12+,https://maimai.sega.jp/storage/DX_jacket/838250f884dfff6298709468330336bd.jpg
maimai,Ragnarok,sky_delta,,,,,,6,8,11,13+,,https://maimai.sega.jp/storage/DX_jacket/1c99297e540a3e3593d032c4e36dd393.jpg
niconicoボーカロイド,このふざけた素晴らしき世界は、僕の為にある,n.k,,,,,,4,6,9+,12,,https://maimai.sega.jp/storage/DX_jacket/73a28554a3116cc8f7a55ae5e05f6b8e.jpg
niconicoボーカロイド,このピアノでお前を8759632145回ぶん殴る,SLAVE.V-V-R,,,,,,5,7,10,13,,https://maimai.sega.jp/storage/DX_jacket/4d1102bf40f0170eada294054e324936.jpg
niconicoボーカロイド,はやくそれになりたい！,キノシタ feat. 音街ウナ,,,,,,5,7,9+,11,12+,https://maimai.sega.jp/storage/DX_jacket/68ba489ace45f38f419bc6c1fc40a973.jpg
niconicoボーカロイド,フィクサー,ぬゆり,,,,,,4,6,9,13,,https://maimai.sega.jp/storage/DX_jacket/8f6ca99a7151b93f5b16f4794a08a82c.jpg
東方Project,みんなの,豚乙女,,,,,,4,6,9,11+,,https://maimai.sega.jp/storage/DX_jacket/b9d7b17108ae31b4543257c76dc2bd41.jpg
東方Project,アマノジャクリバース feat. ｙｔｒ,魂音泉,,,,,,4,7,10,13+,,https://maimai.sega.jp/storage/DX_jacket/123a1dca94f29ab994b24916a6f96eea.jpg
東方Project,進捗どうですか？,sumijun(Halozy) feat. ななひら(Confetto),,,,,,5,7+,10,13,,https://maimai.sega.jp/storage/DX_jacket/bcaa80d162a57c3cbcfa71021ecd6bfa.jpg
オンゲキCHUNITHM,"Help me, あーりん！",イロドリミドリ「CHUNITHM」,,,,,,4,7,9+,11+,,https://maimai.sega.jp/storage/DX_jacket/37fa06a16d1c4c5add65676d7114a3c1.jpg
オンゲキCHUNITHM,なるとなぎのパーフェクトロックンロール教室,イロドリミドリ「CHUNITHM」,,,,,,5,7,10,13,,https://maimai.sega.jp/storage/DX_jacket/55fe4f86bd173eb0e8fd9d4ee2508cd5.jpg
オンゲキCHUNITHM,あねぺったん,月鈴姉妹（イロドリミドリ）,,,,,,5,7,9+,12+,,https://maimai.sega.jp/storage/DX_jacket/b764818db183606edcef7b16fc86f3fc.jpg
オンゲキCHUNITHM,We Gonna Journey,Queen P.A.L.,,,,,,6,8,11+,13+,,https://maimai.sega.jp/storage/DX_jacket/168f89810c33f5f9cb6d5464790ecfff.jpg
ゲームバラエティ,FREEDOM DiVE (tpz Overcute Remix),t+pazolite,,,,,,6,8+,11+,13+,,https://maimai.sega.jp/storage/DX_jacket/6b98a1edbb5f739b6b93dbf037c38bd4.jpg
maimai,SILENT BLUE,かねこちはる,,,,,,5,8,11+,14+,,https://maimai.sega.jp/storage/DX_jacket/dbdda9f8a0cde6635b4989d943655268.jpg
POPSアニメ,甲賀忍法帖,陰陽座,,,,,,4,6,9+,11,12+,https://maimai.sega.jp/storage/DX_jacket/ba99949d22a1e1e2563b581ff7317159.jpg
POPSアニメ,ジンギスカン,仁井山征弘 Feat. GREAT G and surprise,,,,,,4,6,9,12+,,https://maimai.sega.jp/storage/DX_jacket/950ad784b0263087fb0574f279ad6e51.jpg
POPSアニメ,にじよめちゃん体操第一億,にじよめちゃんとZIPたん,,,,,,4,6,8,13,,https://maimai.sega.jp/storage/DX_jacket/120d1e14c54b1f3b77109aec8a946d21.jpg
maimai,花と、雪と、ドラムンベース。,kanone feat. せんざい,,,,,,6,8,11+,14,13+,https://maimai.sega.jp/storage/DX_jacket/25550baf3a916ee743bde2f2df10db5a.jpg
ゲームバラエティ,Conquista Ciela,光吉猛修「バーチャロン」,,,,,,4,6,8+,12,,https://maimai.sega.jp/storage/DX_jacket/3fe580409a9bd89696dde51fb939644c.jpg
オンゲキCHUNITHM,怒槌,光吉猛修,,,,,,6,8+,12,14+,,https://maimai.sega.jp/storage/DX_jacket/27e0cedfb3932daf4361b6ced2aeffe3.jpg
niconicoボーカロイド,Seyana. ～何でも言うことを聞いてくれるアカネチャン～,GYARI,,,,,,4,6,9+,12+,,https://maimai.sega.jp/storage/DX_jacket/f68c11959655b01a10289d17b22a6f50.jpg
niconicoボーカロイド,おねがいダーリン,ONE (song by ナナホシ管弦楽団),,,,,,4,6,10,12,,https://maimai.sega.jp/storage/DX_jacket/d5db31b964709cf3df82a4534299baac.jpg
オンゲキCHUNITHM,My First Phone,cubesato,,,,,,5,7+,11,13+,,https://maimai.sega.jp/storage/DX_jacket/cff28d262ef1414105bfe5e0cfbf1b3c.jpg
POPSアニメ,SHINY DAYS,亜咲花,,,,,,3,5,7+,12,,https://maimai.sega.jp/storage/DX_jacket/8c422bec3c1c43f8312741cb1fcbbc36.jpg
POPSアニメ,NOISY LOVE POWER☆,大橋彩香,,,,,,4,6,10,10+,12+,https://maimai.sega.jp/storage/DX_jacket/84739d0a25ade8d4caba677677264245.jpg
POPSアニメ,ネ！コ！,パトリシア・オブ・エンド・黒木未知・夕莉シャチ・明日原ユウキ「ノラと皇女と野良猫ハート」,,,,,,4,7,9,12+,,https://maimai.sega.jp/storage/DX_jacket/5b40ce9aa8e400bbb0ec3c27d5c9cb80.jpg
POPSアニメ,only my railgun,fripSide,,,,,,4,6,9,10,11+,https://maimai.sega.jp/storage/DX_jacket/a4f73bc6c685ff6b141823bfcc6a1fda.jpg
niconicoボーカロイド,ロールプレイングゲーム,そらまふうらさか,,,,,,4,6,9,12,,https://maimai.sega.jp/storage/DX_jacket/6cbd7c1081005dc8edb5352b91f41548.jpg
niconicoボーカロイド,ヒバナ,DECO*27,,,,,,4,7,10,11,12+,https://maimai.sega.jp/storage/DX_jacket/aee81561c8fc0ae99b653887a4802e16.jpg
niconicoボーカロイド,ロキ,みきとP,,,,,,4,7,9+,11,13,https://maimai.sega.jp/storage/DX_jacket/9fcb67ff50adf83b9529cf7ee3fd9aeb.jpg
東方Project,Money Money,暁Records,,,,,,4,6,9+,12+,,https://maimai.sega.jp/storage/DX_jacket/352be2b0a210494eeb33a05ceb0c143d.jpg
ゲームバラエティ,極圏,cosMo VS dj TAKA「SOUND VOLTEX」より,,,,,,6,8+,11+,14,,https://maimai.sega.jp/storage/DX_jacket/8e8e8cce4c33bd1e047840c40619278a.jpg
ゲームバラエティ,Scarlet Lance,MASAKI（ZUNTATA）「グルーヴコースター3EXドリームパーティー」より,,,,,,6,8,12,14,,https://maimai.sega.jp/storage/DX_jacket/30aa069864cb9cace3b93ea4a540ed3f.jpg
ゲームバラエティ,セイクリッド　ルイン,Drop＆祇羽 feat. 葉月ゆら「太鼓の達人」より,,,,,,6,8+,11,13+,,https://maimai.sega.jp/storage/DX_jacket/7c9554cb517fb159013fd0b0acb086f9.jpg
maimai,QZKago Requiem,t+pazolite,,,,,,6,9+,12,14+,14+,https://maimai.sega.jp/storage/DX_jacket/319f7a9ac81a39d463958f25505530bb.jpg
ゲームバラエティ,EVERGREEN,Cranky,,,,,,4,7,10+,12+,,https://maimai.sega.jp/storage/DX_jacket/10f4ebe9e9e3ab4b8dff6dc19c05972d.jpg
niconicoボーカロイド,金の聖夜霜雪に朽ちて,デッドボールP,,,,,,5,7+,10+,12+,,https://maimai.sega.jp/storage/DX_jacket/6ff64e5ce0af3ff25c5f350764280545.jpg
東方Project,不思議の国のクリスマス,SOUND HOLIC feat. 3L,,,,,,4,5,8+,12+,,https://maimai.sega.jp/storage/DX_jacket/76b7c7032cb73c35f303e10324446875.jpg
maimai,Schwarzschild,Tsukasa,,,,,,6,8+,11+,13+,14+,https://maimai.sega.jp/storage/DX_jacket/e4064d4df356e00c25a77fd79db6cfdf.jpg
niconicoボーカロイド,Magical Sound Shower,HIRO/曲者P,,,,,,5,7,9+,12+,,https://maimai.sega.jp/storage/DX_jacket/4939040b1525e2e0374bdd8fb667bc42.jpg
niconicoボーカロイド,片想いサンバ,オワタP,,,,,,5,6,10+,12+,,https://maimai.sega.jp/storage/DX_jacket/79fecd6a97fab2e275ecd4fcd2dfaf6d.jpg
niconicoボーカロイド,ナイトメア☆パーティーナイト,くちばしP,,,,,,4,7,10,11,12,https://maimai.sega.jp/storage/DX_jacket/77d1fc874b67af669b0b0832cb590d26.jpg
niconicoボーカロイド,フキゲンワルツ,OSTERproject,,,,,,5,7,9,12+,,https://maimai.sega.jp/storage/DX_jacket/c139cb74a3dd85bc943182d7c758626e.jpg
niconicoボーカロイド,結ンデ開イテ羅刹ト骸,ハチ,,,,,,4,7,9+,11,13,https://maimai.sega.jp/storage/DX_jacket/5e6aa212ec1d5a0ca2b8701f956b681c.jpg
niconicoボーカロイド,サウンド,baker,,,,,,4,6,8,11+,,https://maimai.sega.jp/storage/DX_jacket/06021bc809e87a8bac3308380c8c43a7.jpg
niconicoボーカロイド,右肩の蝶,のりP,,,,,,4,6,10,12,,https://maimai.sega.jp/storage/DX_jacket/5014839f29b6d07202d68230c32bdbf0.jpg
maimai,Alea jacta est!,BlackY fused with WAiKURO,,,,,,6,8+,12,14,14+,https://maimai.sega.jp/storage/DX_jacket/197293e0974c59b176edf703ab4ee615.jpg
ゲームバラエティ,L4TS:2018 (feat. あひる & KTA),Sprite Recordings,,,,,,4,7,10+,12+,,https://maimai.sega.jp/storage/DX_jacket/243f9f87af15b35e61e0e6d5d1b89f65.jpg
東方Project,クレイジークレイジーダンサーズ,ビートまりお＋あまね（COOL&CREATE）,,,,,,4,7,9+,11,12+,https://maimai.sega.jp/storage/DX_jacket/847b85eeef8cddd401671c620a8be03c.jpg
東方Project,【東方ニコカラ】秘神マターラ feat.魂音泉【IOSYS】,ARM (IOSYS),,,,,,4,7,10+,12+,,https://maimai.sega.jp/storage/DX_jacket/55e2fc115c4770a454fabdc00a5497b7.jpg
東方Project,隠然,豚乙女,,,,,,5,7+,10,11+,12+,https://maimai.sega.jp/storage/DX_jacket/415791f9141f903540940f455f4ff8ff.jpg
東方Project,White Traveling Girl,A-One,,,,,,4,6,9+,12+,,https://maimai.sega.jp/storage/DX_jacket/fab9f75b334e0fa0ea9aec5a465670e8.jpg
maimai,FFT,cybermiso,,,,,,6,8+,12,14,14,https://maimai.sega.jp/storage/DX_jacket/e4e1ba63d2f1da33e669fb85c9ec9098.jpg
オンゲキCHUNITHM,-OutsideR:RequieM-,箱部なる(CV:M・A・O),,,,,,4,7,10,13,,https://maimai.sega.jp/storage/DX_jacket/c7f4a4f6598b9fa594b6f618db4437df.jpg
オンゲキCHUNITHM,イロトリドリのメロディ,小仏凪(CV:佐倉薫),,,,,,4,6,9+,11+,,https://maimai.sega.jp/storage/DX_jacket/ac6ba76561621f109d8c0b6d7d17fd8f.jpg
オンゲキCHUNITHM,奏者はただ背中と提琴で語るのみ,月鈴那知(CV:今村彩夏),,,,,,6,8,11,13+,,https://maimai.sega.jp/storage/DX_jacket/dec9f3eda59ab496c153480840a46d10.jpg
POPSアニメ,Deep in Abyss,リコ（CV：富田美憂）、レグ（CV：伊瀬茉莉也）,,,,,,4,6,9,12,,https://maimai.sega.jp/storage/DX_jacket/c414ca6e0bc29ef62169d054d3034bd3.jpg
maimai,雷切-RAIKIRI-,kanone,,,,,,6,8,11+,14,14+,https://maimai.sega.jp/storage/DX_jacket/a691b511c01c84b9edc092f294391969.jpg
ゲームバラエティ,キミとボクのミライ,ジータ（CV:金元寿子）、ルリア（CV:東山奈央）、ヴィーラ（CV:今井麻美）、マリー（CV:長谷川明子）,,,,,,4,7,9,10,12,https://maimai.sega.jp/storage/DX_jacket/7639346f4eef00d786d08d042d91484d.jpg
ゲームバラエティ,Lost Princess,ペコリーヌ（CV：M・A・O）、コッコロ（CV：伊藤美来）、キャル（CV：立花理香）,,,,,,4,6,9,10,12,https://maimai.sega.jp/storage/DX_jacket/364d0cbe49feef5fa32f7401ad027b08.jpg
ゲームバラエティ,アリサのテーマ,池頼広,,,,,,4,6,10,13,,https://maimai.sega.jp/storage/DX_jacket/ce1308b672f07b8d183504245588d6b8.jpg
niconicoボーカロイド,敗北の少年,kemu,,,,,,5,7+,10+,12+,,https://maimai.sega.jp/storage/DX_jacket/fe2c5aca6780873adb86a064114a69b3.jpg
niconicoボーカロイド,立ち入り禁止,まふまふ,,,,,,4,6,10+,11,13+,https://maimai.sega.jp/storage/DX_jacket/861f36f107e0a63acc063bc2f2dfcd7e.jpg
niconicoボーカロイド,お気に召すまま,Eve,,,,,,4,7,9,10+,12,https://maimai.sega.jp/storage/DX_jacket/176d325fb672377051e16eb46ba783e5.jpg
niconicoボーカロイド,命ばっかり,ぬゆり,,,,,,3,6,8+,12,,https://maimai.sega.jp/storage/DX_jacket/74f365e3c6e8b7e9853938e08d7a7139.jpg
maimai,the EmpErroR,sasakure.UK,,,,,,5,9+,12+,14+,14+,https://maimai.sega.jp/storage/DX_jacket/71dfa5a87200a6abf1877c19729c5133.jpg
maimai,PANDORA PARADOXXX,削除,,,,,,7+,10+,13+,14+,15,https://maimai.sega.jp/storage/DX_jacket/a154838e11a50e19ade3ec6567b1e4b6.jpg
maimai,Believe the Rainbow,Shoichiro Hirata feat.Sana,,,,,,4,7+,9,12+,,https://maimai.sega.jp/storage/DX_jacket/6294e8fa19ec12ab34f0a2c96f924ef0.jpg
ゲームバラエティ,"Good Bye, Mr. Jack",sasakure.UK,,,,,,5,8,11+,13+,,https://maimai.sega.jp/storage/DX_jacket/e756dd0bbfa8ce37088bae6f7d71e6ce.jpg
ゲームバラエティ,Altale,削除,,,,,,4,7+,11,13,,https://maimai.sega.jp/storage/DX_jacket/e8299d9f71f8daeaed612de963ab6976.jpg
東方Project,最終鬼畜妹フランドール・S,ビートまりお（COOL&CREATE）,,,,,,4,7,10,11,13+,https://maimai.sega.jp/storage/DX_jacket/c95523eebcdae435d964327face16c4a.jpg
東方Project,ネクロファンタジア～Arr.Demetori,Demetori,,,,,,4,7,10+,13+,,https://maimai.sega.jp/storage/DX_jacket/074e9736abfff521e2043e2ff6de5c34.jpg
東方Project,Imperishable Night 2006 (2016 Refine),ゆうゆ / 篠螺悠那,,,,,,5,7+,11,13+,,https://maimai.sega.jp/storage/DX_jacket/17ce6dd9ace23d2da12f679e16c6812b.jpg
niconicoボーカロイド,終点,cosMo@暴走P,,,,,,5,7+,11,13,,https://maimai.sega.jp/storage/DX_jacket/299916f9671e3307fcb7dd1f21a66e21.jpg
niconicoボーカロイド,WORLD'S END UMBRELLA,ハチ,,,,,,4,7,9,12,,https://maimai.sega.jp/storage/DX_jacket/3ac05d7b57629dd7c293b88bffb1e8dd.jpg
niconicoボーカロイド,ワンダーラスト,sasakure.UK,,,,,,5,7+,11+,13+,,https://maimai.sega.jp/storage/DX_jacket/7c1b6a153414a66d0a2ed426e57523e6.jpg
ゲームバラエティ,End Time,Cres.,,,,,,6,8,11+,14,,https://maimai.sega.jp/storage/DX_jacket/f9aa8a010f0d7af878065193987a3ccf.jpg
niconicoボーカロイド,カラフル×メロディ,ちーむMOER,,,,,,5,7,10,11+,,https://maimai.sega.jp/storage/DX_jacket/e870c9be24c29dcf7e0b7551d5f2a032.jpg
ゲームバラエティ,魔法少女になるしかねぇ,ねこみりん feat.小宮真央,,,,,,5,8,11,13+,,https://maimai.sega.jp/storage/DX_jacket/e0ff0706657a4b8090b3b84a123f0e5f.jpg
オンゲキCHUNITHM,Kattobi KEIKYU Rider,Sampling Masters MEGA,,,,,,5,8,12+,13,,https://maimai.sega.jp/storage/DX_jacket/ff1446d6b1c7fbea99a085d347ccdb70.jpg
ゲームバラエティ,B.M.S.,光吉猛修の父,,,,,,5,8,11,14,,https://maimai.sega.jp/storage/DX_jacket/50017d80e572fff79fe5f2bad302eb15.jpg
オンゲキCHUNITHM,TiamaT:F minor,Team Grimoire,,,,,,6,9,12,14,,https://maimai.sega.jp/storage/DX_jacket/b8f71009049be8654cddb35a7820ba4f.jpg
maimai,BLACK ROSE,S!N・+α/あるふぁきゅん。×ALI PROJECT,3,6,9+,11+,,,,,,,https://maimai.sega.jp/storage/DX_jacket/63a68103180e6354e8afa14b6539571c.jpg
maimai,Secret Sleuth,島爺×蜂屋ななし,4,7,10+,12+,,,,,,,https://maimai.sega.jp/storage/DX_jacket/9ed305a413026d4f72ab0b69708b5f09.jpg
maimai,でらっくmaimai♪てんてこまい!,やしきん feat.でらっくま(CV:三森すずこ),5,7+,10,12,,,,,,,https://maimai.sega.jp/storage/DX_jacket/504ce1e8d17cddf982e5159fb19dd234.jpg
maimai,MAXRAGE,EBIMAYO,5,7+,11,13+,,,,,,,https://maimai.sega.jp/storage/DX_jacket/8debc35d7ce6ae2cf1523f93d6b470b4.jpg
maimai,バーチャルダム　ネーション,Sampling Masters MEGA,4,8,10+,13,,,,,,,https://maimai.sega.jp/storage/DX_jacket/093b38cd290adc1d819621d0ca1849b7.jpg
maimai,P-qoq,owl＊tree,3,7,10,12+,,,,,,,https://maimai.sega.jp/storage/DX_jacket/0ad539da73b7f573c1cde2d21c3b399a.jpg
maimai,超常マイマイン,ナユタン星人,3,7,10,12,,,,,,,https://maimai.sega.jp/storage/DX_jacket/9af4d5ab0abff5b718bbdaaee1895253.jpg
maimai,Crazy Circle,みきとP feat. FantasticYouth,3,6,9,12,,,,,,,https://maimai.sega.jp/storage/DX_jacket/c8d1b4fece8f726b8257d0b6863f8e53.jpg
maimai,STEREOSCAPE,164 feat. めいちゃん,3,6,9,12,,,,,,,https://maimai.sega.jp/storage/DX_jacket/ee7a4b9a1d12060607cec33e57592574.jpg
オンゲキCHUNITHM,STARTLINER,曲：kz(livetune)／歌：オンゲキシューターズ,3,6,9,11+,,,,,,,https://maimai.sega.jp/storage/DX_jacket/f27bf52e66604d31953e263278971516.jpg
maimai,♡マイマイマイラブ♡,ビートまりお,5,7+,10,13,,,,,,,https://maimai.sega.jp/storage/DX_jacket/257e32b2ea069bf6975284a0d742db70.jpg
maimai,一か罰,豚乙女,5,7+,11,12+,,,,,,,https://maimai.sega.jp/storage/DX_jacket/5ab2c131580e6daad7486ea31f481417.jpg
maimai,キリキリ舞Mine,A-One,5,7+,11,13,,,,,,,https://maimai.sega.jp/storage/DX_jacket/3732087093aad4545cab03797373b818.jpg
maimai,福宿音屋魂音泉,魂音泉,4,7,10+,12+,,,,,,,https://maimai.sega.jp/storage/DX_jacket/e9354bca4d4e7ebb0f03aac16e8b16f4.jpg
maimai,Now or Never,MintJam,5,7,10,13,,,,,,,https://maimai.sega.jp/storage/DX_jacket/e65643e7ebcec60ff0d9f2d7a33530b5.jpg
maimai,Scarlet Wings,REDALiCE feat. Ayumi Nomiya,4,7+,10,12+,,,,,,,https://maimai.sega.jp/storage/DX_jacket/5b309766e4e5ec12b8fc6c62113e236a.jpg
maimai,Technicians High,HiTECH NINJA,5,8,11,13,,,,,,,https://maimai.sega.jp/storage/DX_jacket/f190174d2cce19fc03cc1b0f75ec8044.jpg
maimai,魔ジョ狩リ,Nothing But Requiem (feat.Aikapin & Chiyoko),6,8,11,13+,,,,,,,https://maimai.sega.jp/storage/DX_jacket/dc0c2b35ce55c5d21cb009d9802f3adf.jpg
maimai,TwisteD! XD,t+pazolite,5,8+,11,13,,,,,,,https://maimai.sega.jp/storage/DX_jacket/bdfec98bb52767fddcf1f97afd797ba8.jpg
maimai,Blows Up Everything,USAO,6,9,11+,13+,14,,,,,,https://maimai.sega.jp/storage/DX_jacket/c26da2f3eb7b03e404dbeb3ede7e495f.jpg
オンゲキCHUNITHM,Agitation！,舞ヶ原高校軽音部,4,7,10,11+,,,,,,,https://maimai.sega.jp/storage/DX_jacket/da868e330bab0485817a35e4c2b28c79.jpg
オンゲキCHUNITHM,管弦楽組曲 第3番 ニ長調「第2曲（G線上のアリア）」BWV.1068-2,月鈴 那知（ヴァイオリン） 伴奏：イロドリミドリ,4,7+,10,13+,,,,,,,https://maimai.sega.jp/storage/DX_jacket/67df6dc33d3800eb23928eb059f71cb4.jpg
maimai,TEmPTaTiON,かねこちはる,6,8,12,14+,,,,,,,https://maimai.sega.jp/storage/DX_jacket/edccb0d5214fedcbe2788ff3fa90441c.jpg
maimai,アポカリプスに反逆の焔を焚べろ,cosMo＠暴走AlterEgo,6,8,12,14,,,,,,,https://maimai.sega.jp/storage/DX_jacket/b5528c27e91d832758ba80b25482594c.jpg
オンゲキCHUNITHM,玩具狂奏曲 -終焉-,きくお,6,8,13,13+,,,,,,,https://maimai.sega.jp/storage/DX_jacket/4bbd6202830cf0a47cc881a2028c43da.jpg
オンゲキCHUNITHM,Titania,xi,6,8,12,14,,,,,,,https://maimai.sega.jp/storage/DX_jacket/bd85177e5362935db1f935329343d893.jpg
オンゲキCHUNITHM,BOKUTO,じーざすP feat.kradness,4,7,11,13,,,,,,,https://maimai.sega.jp/storage/DX_jacket/bf33fa79a6e9a0af7114ee54443a3d42.jpg
オンゲキCHUNITHM,立川浄穢捕物帳,青島探偵事務所器楽捜査部B担,4,7+,11,13+,,,,,,,https://maimai.sega.jp/storage/DX_jacket/839813151e14eb11481fa2af49c2992e.jpg
niconicoボーカロイド,METEOR,DIVELA feat.初音ミク,3,7,9,12,,,,,,,https://maimai.sega.jp/storage/DX_jacket/b7db9ad91a4d0db08ac50b751864dd3b.jpg
POPSアニメ,LOSER,米津玄師,1,6,8+,11+,,,,,,,https://maimai.sega.jp/storage/DX_jacket/e418fe0d0effb953226efd53e6d1022a.jpg
POPSアニメ,U.S.A.,DA PUMP,2,6,9,11,12+,,,,,,https://maimai.sega.jp/storage/DX_jacket/eacba600b64ccf760bb345612e9a7ebd.jpg
POPSアニメ,HOT LIMIT,T.M.Revolution [covered by 光吉猛修],4,6,9,11+,,,,,,,https://maimai.sega.jp/storage/DX_jacket/fb5eee21a16c1766d129a189dea2b173.jpg
POPSアニメ,新宝島,サカナクション,3,6,9,11+,,,,,,,https://maimai.sega.jp/storage/DX_jacket/7c35e9a44706ec33285ec2107073f0c3.jpg
POPSアニメ,UNION,OxT,3,7,10,11+,,,,,,,https://maimai.sega.jp/storage/DX_jacket/aab057fdff1f39112849698d752df8bd.jpg
POPSアニメ,乗ってけ！ジャパリビート,どうぶつビスケッツ×PPP「けものフレンズ２」,3,6,9,12,,,,,,,https://maimai.sega.jp/storage/DX_jacket/1f8adf8f52105ce246a71517ad338303.jpg
POPSアニメ,フレ！フレ！ベストフレンズ,どうぶつビスケッツ×PPP「けものフレンズ」,4,7,9,11,,,,,,,https://maimai.sega.jp/storage/DX_jacket/6b38e8702a7f88fa37233cb1b93cc8e4.jpg
niconicoボーカロイド,メルト,supercell,3,6,8+,11+,,,,,,,https://maimai.sega.jp/storage/DX_jacket/086ec289f98b120b41b27560b32fec45.jpg
niconicoボーカロイド,メルティランドナイトメア,はるまきごはん feat.初音ミク,2,6,8+,11+,,,,,,,https://maimai.sega.jp/storage/DX_jacket/540600a104335cf668b8f4107e40d76f.jpg
niconicoボーカロイド,アウトサイダー,Eve,4,7,9,12,,,,,,,https://maimai.sega.jp/storage/DX_jacket/adc610c91cd1ea3db68c4c757b2ca028.jpg
niconicoボーカロイド,アディショナルメモリー,じん,4,6,9+,12,,,,,,,https://maimai.sega.jp/storage/DX_jacket/312718c8048f1b10ef52cbf965315e5c.jpg
niconicoボーカロイド,ジャガーノート,夏代孝明 feat. 初音ミク,4,6,9+,12,,,,,,,https://maimai.sega.jp/storage/DX_jacket/99bd82e824c9c137f9c11033d70272dc.jpg
東方Project,ナイト・オブ・ナイツ (Cranky Remix),ビートまりお × Cranky,4,7,10,13,,,,,,,https://maimai.sega.jp/storage/DX_jacket/2c4203c30674a4b7e2f20d0da1c21e97.jpg
niconicoボーカロイド,Strobe♡Girl,colate,3,7,10,12,,,,,,,https://maimai.sega.jp/storage/DX_jacket/1fdb465925590da39e0529fca6bcfc2e.jpg
ゲームバラエティ,Destr0yer,削除 feat. Nikki Simmons,4,7+,11,12+,,,,,,,https://maimai.sega.jp/storage/DX_jacket/f6579ec167b9b7d492dd08923d60c20f.jpg
niconicoボーカロイド,グリーンライツ・セレナーデ,Omoi feat. 初音ミク,4,7,10,12,,,,,,,https://maimai.sega.jp/storage/DX_jacket/949090370171dca66489f59b5d5db3ba.jpg
POPSアニメ,POPPY PAPPY DAY,ポプ子(CV:五十嵐裕美)＆ピピ美(CV:松嵜麗),4,6,9,12,,,,,,,https://maimai.sega.jp/storage/DX_jacket/9b21c12086959759950e4a21602d2b33.jpg
POPSアニメ,Clattanoia,OxT,4,7,10,12,,,,,,,https://maimai.sega.jp/storage/DX_jacket/f239d9952f5817cdd1aba4e8a95d82ef.jpg
POPSアニメ,The Gong of Knockout,"Fear, and Loathing in Las Vegas",4,7+,11,13,,,,,,,https://maimai.sega.jp/storage/DX_jacket/cbed0b8d157141a3e438273f53f523f0.jpg
niconicoボーカロイド,デンパラダイム,lumo,4,7+,11+,13,,,,,,,https://maimai.sega.jp/storage/DX_jacket/2e20eaae9403ebf755b8917cafa5294a.jpg
niconicoボーカロイド,骸骨楽団とリリア,トーマ,4,7+,10+,13,,,,,,,https://maimai.sega.jp/storage/DX_jacket/c9fa64583f61d032ac93f0e40e99b5c6.jpg
niconicoボーカロイド,星屑ユートピア,otetsu,4,7,10+,12,,,,,,,https://maimai.sega.jp/storage/DX_jacket/7f4ebfb940c65f339dfd1e38e6a29177.jpg
niconicoボーカロイド,アマツキツネ,まらしぃ,4,7,9,11+,,,,,,,https://maimai.sega.jp/storage/DX_jacket/c89b167c707dd554f46a8b477a87838e.jpg
POPSアニメ,徒花ネクロマンシー,フランシュシュ,4,7,10,12,,,,,,,https://maimai.sega.jp/storage/DX_jacket/e6008ab958824579a44c67b300e8cc1e.jpg
POPSアニメ,目覚めRETURNER,フランシュシュ,4,7,9,11+,,,,,,,https://maimai.sega.jp/storage/DX_jacket/3c0584bc9f008fdb25dd7744243b4b74.jpg
東方Project,"Little ""Sister"" Bitch",t+pazolite,5,7+,11,13,,,,,,,https://maimai.sega.jp/storage/DX_jacket/94a02bd960cc3babfa042c20416b8b6a.jpg
東方Project,Yakumo >>JOINT STRUGGLE (2019 Update),くっちー (DARKSIDE APPROACH),4,7+,11,13+,,,,,,,https://maimai.sega.jp/storage/DX_jacket/cb17d16e64ed471f7268dfc65b78e826.jpg
東方Project,げきオコスティックファイナリアリティぷんぷんマスタースパーク,ARM (IOSYS),4,7,10,12+,,,,,,,https://maimai.sega.jp/storage/DX_jacket/923815036323f79f776c98a2b9a532e3.jpg
niconicoボーカロイド,CocktaiL,XYZ,3,6,9,12,,,,,,,https://maimai.sega.jp/storage/DX_jacket/38b4ac157783f43c5bf0637b657ed9b5.jpg
niconicoボーカロイド,太陽系デスコ,ナユタン星人,4,6,9+,11+,,,,,,,https://maimai.sega.jp/storage/DX_jacket/463a8f9d0e3050d1747de0da028d2079.jpg
niconicoボーカロイド,だからパンを焼いたんだ,あわのあゆむ,3,6,9,11+,,,,,,,https://maimai.sega.jp/storage/DX_jacket/ebe4078b73b020abcc88a3bf0d8b875b.jpg
POPSアニメ,東奔西走行進曲,BLACK STARS（ブラック指令・ペガッサ星人・シルバーブルーメ・ノーバ）,4,7,9+,12,,,,,,,https://maimai.sega.jp/storage/DX_jacket/a3274874601dfba5e081beb00de9e2a7.jpg
POPSアニメ,Soul-ride ON!,アギラ・キングジョー・ガッツ星人（CV：飯田里穂・三森すずこ・松田利冴）,3,6,9,11+,,,,,,,https://maimai.sega.jp/storage/DX_jacket/264e05b5ccc1acce966aaea9d548d255.jpg
niconicoボーカロイド,アカリがやってきたぞっ,GYARI,4,6,10,12+,,,,,,,https://maimai.sega.jp/storage/DX_jacket/f9b3f338bcbe4642a4b21831b6de8278.jpg
ゲームバラエティ,プナイプナイせんそう,立秋 feat.ちょこ,5,8,11+,13+,,,,,,,https://maimai.sega.jp/storage/DX_jacket/9594843c7427f7a2fab56c2151b557f9.jpg
POPSアニメ,未完成人,ンダホ&ぺけたん from Fischer's,4,7,8+,11+,,,,,,,https://maimai.sega.jp/storage/DX_jacket/4fdecd2f04a990c7646cde344f15f1e5.jpg
POPSアニメ,デビル☆アイドル,アイラ（CV：三森すずこ）シマ（CV:井口裕香）はな（CV:花澤香菜）,3,7,9+,12,,,,,,,https://maimai.sega.jp/storage/DX_jacket/99aebc070a1a0529f8b87f2c9dcbbc5b.jpg
niconicoボーカロイド,quiet room,有機酸,3,6,8+,12,,,,,,,https://maimai.sega.jp/storage/DX_jacket/c8ffcc67ade8d4bb1dd3f3ad97ff6f28.jpg
オンゲキCHUNITHM,Jump!! Jump!! Jump!!,曲：宮崎誠／歌：オンゲキシューターズ,4,7,9,11+,,,,,,,https://maimai.sega.jp/storage/DX_jacket/ef47dbb3334fed8efce4ecc61839dea6.jpg
ゲームバラエティ,サンバランド,SAMBA MASTER 佐藤,2,7,10+,12+,,,,,,,https://maimai.sega.jp/storage/DX_jacket/f29a59a2628bb018cee1fb424049d5b2.jpg
niconicoボーカロイド,サヨナラチェーンソー,くらげP,3,6,9+,12,,,,,,,https://maimai.sega.jp/storage/DX_jacket/e660ca99b4fc7e50a4f3c6302f92ee75.jpg
niconicoボーカロイド,イカサマライフゲイム,kemu,4,7+,10,12+,,,,,,,https://maimai.sega.jp/storage/DX_jacket/58d9330af9b0ea028f9a282052309e7e.jpg
ゲームバラエティ,Halcyon,xi,4,8,11,13,,,,,,,https://maimai.sega.jp/storage/DX_jacket/5b230d25e46cdac311a06e62cabece99.jpg
niconicoボーカロイド,だれかの心臓になれたなら,ユリイ・カノン feat.GUMI,4,6,9,11+,,,,,,,https://maimai.sega.jp/storage/DX_jacket/1c657274606227ceac76a08038c8857a.jpg
niconicoボーカロイド,幾望の月,なきゃむりゃ,5,7+,10+,12+,,,,,,,https://maimai.sega.jp/storage/DX_jacket/3d272b55f934f7e851d152cef0add34e.jpg
niconicoボーカロイド,39みゅーじっく！,みきとP,3,6,9,11+,,,,,,,https://maimai.sega.jp/storage/DX_jacket/1c411438ff83150b05490ab3020d3d11.jpg
